Instance,Original,EGNN2S,G2SAT,Small_Allo_GWAE2SAT,Big_Allo_GWAE2SAT,Small_Auto_GWAE2SAT,Big_Auto_GWAE2SAT
unsat_5clique_65_1825_50315.cnf,[1 0 3 2],"[3, 1, 0, 2]","[3, 1, 0, 2]","[3, 1, 0, 2]","[0, 1, 3, 2]","[1, 3, 0, 2]","[0, 1, 3, 2]"
sat_php_229_953_65845.cnf,[1 0 3 2],"[3, 1, 2, 0]","[3, 1, 0, 2]","[1, 3, 0, 2]","[1, 0, 3, 2]","[3, 1, 0, 2]","[1, 0, 3, 2]"
unsat_dominating_80_1810_98166.cnf,[0 1 3 2],"[3, 1, 0, 2]","[3, 1, 0, 2]","[3, 1, 0, 2]","[0, 1, 3, 2]","[3, 1, 0, 2]","[0, 1, 3, 2]"
unsat_tiling_20_102_21063.cnf,[0 1 3 2],"[3, 1, 0, 2]","[3, 1, 0, 2]","[0, 1, 3, 2]","[0, 1, 3, 2]","[0, 1, 3, 2]","[0, 1, 3, 2]"
sat_php_225_920_5668.cnf,[1 0 3 2],"[3, 1, 2, 0]","[1, 3, 0, 2]","[1, 3, 0, 2]","[1, 0, 3, 2]","[3, 1, 0, 2]","[1, 0, 3, 2]"
unsat_dominating_80_1809_31472.cnf,[1 0 3 2],"[3, 1, 0, 2]","[3, 1, 0, 2]","[3, 1, 0, 2]","[0, 1, 3, 2]","[3, 1, 0, 2]","[0, 1, 3, 2]"
unsat_php_94_857_1462.cnf,[1 3 0 2],"[3, 1, 0, 2]","[1, 3, 0, 2]","[3, 1, 0, 2]","[0, 1, 3, 2]","[3, 1, 0, 2]","[0, 1, 3, 2]"
unsat_tseitin_40_266_90515.cnf,[3 1 0 2],"[1, 0, 3, 2]","[0, 3, 1, 2]","[0, 1, 3, 2]","[0, 1, 3, 2]","[0, 1, 3, 2]","[0, 1, 3, 2]"
unsat_tiling_20_782_63634.cnf,[3 0 1 2],"[3, 1, 0, 2]","[3, 1, 0, 2]","[1, 3, 0, 2]","[1, 0, 3, 2]","[3, 1, 0, 2]","[1, 0, 3, 2]"
unsat_5clique_65_1955_30435.cnf,[0 1 3 2],"[3, 1, 0, 2]","[1, 0, 3, 2]","[3, 1, 0, 2]","[0, 1, 3, 2]","[3, 1, 0, 2]","[0, 1, 3, 2]"
unsat_matching_80_356_51040.cnf,[0 1 3 2],"[3, 1, 2, 0]","[3, 1, 0, 2]","[3, 1, 0, 2]","[0, 1, 3, 2]","[1, 0, 3, 2]","[0, 1, 3, 2]"
unsat_cliquecoloring_27_131.cnf,[1 3 0 2],"[3, 1, 0, 2]","[3, 1, 0, 2]","[0, 1, 3, 2]","[0, 1, 3, 2]","[0, 1, 3, 2]","[0, 1, 3, 2]"
sat_5color_100_420_10212.cnf,[0 1 3 2],"[3, 1, 2, 0]","[3, 1, 0, 2]","[3, 1, 0, 2]","[1, 0, 3, 2]","[1, 3, 0, 2]","[1, 0, 3, 2]"
unsat_matching_80_361_40622.cnf,[1 3 0 2],"[3, 1, 2, 0]","[3, 1, 0, 2]","[1, 3, 0, 2]","[0, 1, 3, 2]","[1, 3, 0, 2]","[0, 1, 3, 2]"
unsat_4clique_32_452_22842.cnf,[3 0 1 2],"[3, 1, 0, 2]","[3, 1, 0, 2]","[0, 1, 3, 2]","[0, 1, 3, 2]","[0, 1, 3, 2]","[0, 1, 3, 2]"
sat_matching_160_1285_40622.cnf,[0 2 1 3],"[3, 1, 2, 0]","[3, 1, 0, 2]","[3, 1, 0, 2]","[0, 1, 3, 2]","[3, 1, 0, 2]","[1, 0, 3, 2]"
unsat_cliquecoloring_30_118.cnf,[1 3 0 2],"[3, 1, 0, 2]","[3, 1, 0, 2]","[0, 1, 3, 2]","[0, 1, 3, 2]","[0, 1, 3, 2]","[0, 1, 3, 2]"
unsat_matching_40_111_28630.cnf,[3 1 0 2],"[3, 1, 0, 2]","[3, 1, 0, 2]","[0, 1, 3, 2]","[0, 1, 3, 2]","[0, 1, 3, 2]","[0, 1, 3, 2]"
unsat_4clique_52_1174_65351.cnf,[1 0 3 2],"[3, 1, 0, 2]","[1, 3, 0, 2]","[3, 1, 0, 2]","[0, 1, 3, 2]","[3, 1, 0, 2]","[0, 1, 3, 2]"
sat_dominating_70_1295_52087.cnf,[1 3 0 2],"[3, 1, 0, 2]","[1, 3, 0, 2]","[3, 1, 0, 2]","[0, 1, 3, 2]","[3, 1, 0, 2]","[0, 1, 3, 2]"
unsat_tiling_10_47_90497.cnf,[3 0 1 2],"[3, 1, 0, 2]","[3, 1, 0, 2]","[0, 1, 3, 2]","[0, 1, 3, 2]","[0, 1, 3, 2]","[0, 1, 3, 2]"
unsat_5clique_65_1825_12867.cnf,[1 3 0 2],"[3, 1, 0, 2]","[3, 1, 0, 2]","[1, 3, 0, 2]","[0, 1, 3, 2]","[3, 1, 0, 2]","[0, 1, 3, 2]"
unsat_op_90_775_81162.cnf,[3 1 0 2],"[3, 1, 0, 2]","[0, 1, 3, 2]","[3, 1, 0, 2]","[0, 1, 3, 2]","[1, 3, 0, 2]","[0, 1, 3, 2]"
sat_dominating_70_1295_27876.cnf,[0 1 3 2],"[3, 1, 0, 2]","[3, 1, 0, 2]","[3, 1, 0, 2]","[0, 1, 3, 2]","[1, 3, 0, 2]","[0, 1, 3, 2]"
unsat_tiling_20_231_52499.cnf,[1 3 0 2],"[3, 1, 0, 2]","[3, 1, 0, 2]","[3, 1, 0, 2]","[0, 1, 3, 2]","[3, 1, 0, 2]","[0, 1, 3, 2]"
unsat_cliquecoloring_62_446.cnf,[3 1 0 2],"[3, 1, 2, 0]","[3, 1, 0, 2]","[1, 3, 0, 2]","[0, 1, 3, 2]","[3, 1, 0, 2]","[0, 1, 3, 2]"
sat_php_234_997_36616.cnf,[0 1 3 2],"[3, 1, 2, 0]","[0, 3, 2, 1]","[3, 1, 0, 2]","[0, 1, 3, 2]","[3, 1, 0, 2]","[1, 0, 3, 2]"
unsat_dominating_80_1808_68998.cnf,[1 0 3 2],"[3, 1, 0, 2]","[3, 1, 0, 2]","[1, 3, 0, 2]","[0, 1, 3, 2]","[3, 1, 0, 2]","[0, 1, 3, 2]"
unsat_matching_60_259_93884.cnf,[1 0 3 2],"[3, 1, 2, 0]","[3, 1, 0, 2]","[3, 1, 0, 2]","[0, 1, 3, 2]","[3, 1, 0, 2]","[0, 1, 3, 2]"
unsat_tseitin_20_100_94365.cnf,[3 1 0 2],"[0, 1, 3, 2]","[3, 0, 1, 2]","[0, 1, 3, 2]","[0, 1, 3, 2]","[0, 1, 3, 2]","[0, 1, 3, 2]"
sat_4color_120_450_33000.cnf,[0 1 3 2],"[3, 1, 2, 0]","[3, 1, 0, 2]","[3, 1, 0, 2]","[1, 0, 3, 2]","[3, 1, 0, 2]","[1, 0, 3, 2]"
sat_5color_250_1550_97858.cnf,[1 0 3 2],"[3, 1, 2, 0]","[1, 3, 0, 2]","[1, 3, 0, 2]","[0, 1, 3, 2]","[1, 3, 0, 2]","[0, 1, 3, 2]"
unsat_dominating_80_1810_56432.cnf,[0 3 1 2],"[3, 1, 0, 2]","[3, 1, 0, 2]","[1, 3, 0, 2]","[0, 1, 3, 2]","[1, 3, 0, 2]","[0, 1, 3, 2]"
sat_tiling_5_19_51205.cnf,[0 3 1 2],"[3, 0, 1, 2]","[3, 0, 1, 2]","[0, 3, 1, 2]","[0, 3, 1, 2]","[0, 3, 1, 2]","[0, 3, 1, 2]"
sat_php_232_978_45755.cnf,[1 0 3 2],"[3, 1, 2, 0]","[3, 1, 0, 2]","[1, 3, 0, 2]","[0, 1, 3, 2]","[3, 1, 0, 2]","[1, 0, 3, 2]"
unsat_dominating_80_1810_67242.cnf,[3 1 0 2],"[3, 1, 0, 2]","[1, 3, 0, 2]","[1, 3, 0, 2]","[0, 1, 3, 2]","[1, 3, 0, 2]","[0, 1, 3, 2]"
sat_php_234_997_1553.cnf,[1 0 3 2],"[3, 1, 2, 0]","[3, 1, 0, 2]","[3, 1, 0, 2]","[1, 0, 3, 2]","[3, 1, 0, 2]","[1, 0, 3, 2]"
sat_subsetcard_64_1792_25143.cnf,[3 1 0 2],"[3, 1, 2, 0]","[1, 3, 0, 2]","[0, 3, 1, 2]","[3, 1, 0, 2]","[0, 1, 3, 2]","[3, 1, 0, 2]"
unsat_subsetcard_53_818_50334.cnf,[3 1 0 2],"[1, 3, 0, 2]","[0, 1, 3, 2]","[0, 1, 3, 2]","[0, 1, 3, 2]","[0, 1, 3, 2]","[0, 1, 3, 2]"
unsat_tiling_10_124_9529.cnf,[3 1 0 2],"[3, 1, 0, 2]","[3, 1, 0, 2]","[0, 1, 3, 2]","[0, 1, 3, 2]","[0, 1, 3, 2]","[0, 1, 3, 2]"
sat_tseitin_20_118_71779.cnf,[3 0 1 2],"[0, 1, 3, 2]","[3, 0, 1, 2]","[0, 1, 3, 2]","[0, 1, 3, 2]","[0, 1, 3, 2]","[0, 1, 3, 2]"
sat_tiling_10_236_77445.cnf,[0 3 1 2],"[3, 1, 0, 2]","[3, 1, 0, 2]","[0, 1, 3, 2]","[0, 1, 3, 2]","[0, 1, 3, 2]","[0, 1, 3, 2]"
sat_php_222_895_6.cnf,[0 1 3 2],"[3, 1, 2, 0]","[3, 1, 0, 2]","[3, 1, 0, 2]","[1, 0, 3, 2]","[3, 1, 0, 2]","[1, 0, 3, 2]"
unsat_dominating_80_1810_66379.cnf,[1 3 0 2],"[3, 1, 0, 2]","[1, 3, 0, 2]","[1, 3, 0, 2]","[0, 1, 3, 2]","[1, 3, 0, 2]","[0, 1, 3, 2]"
unsat_cliquecoloring_50_356.cnf,[3 1 0 2],"[3, 1, 2, 0]","[3, 1, 0, 2]","[3, 1, 0, 2]","[0, 1, 3, 2]","[3, 1, 0, 2]","[0, 1, 3, 2]"
unsat_5clique_50_1130_76720.cnf,[0 3 1 2],"[3, 1, 0, 2]","[3, 1, 0, 2]","[1, 3, 0, 2]","[0, 1, 3, 2]","[3, 1, 0, 2]","[0, 1, 3, 2]"
unsat_5clique_65_1695_90705.cnf,[0 1 3 2],"[3, 1, 0, 2]","[3, 1, 0, 2]","[1, 3, 0, 2]","[0, 1, 3, 2]","[3, 1, 0, 2]","[0, 1, 3, 2]"
sat_5color_250_1300_97403.cnf,[0 1 3 2],"[3, 1, 2, 0]","[1, 3, 0, 2]","[1, 3, 0, 2]","[0, 1, 3, 2]","[1, 3, 0, 2]","[0, 1, 3, 2]"
sat_3clique_30_348_89891.cnf,[0 3 1 2],"[3, 1, 0, 2]","[3, 1, 0, 2]","[0, 1, 3, 2]","[0, 1, 3, 2]","[0, 1, 3, 2]","[0, 1, 3, 2]"
unsat_dominating_80_1810_70888.cnf,[1 0 3 2],"[3, 1, 0, 2]","[1, 3, 0, 2]","[3, 1, 0, 2]","[0, 1, 3, 2]","[3, 1, 0, 2]","[0, 1, 3, 2]"
unsat_5clique_65_1825_42075.cnf,[0 1 3 2],"[3, 1, 0, 2]","[1, 3, 0, 2]","[3, 1, 0, 2]","[0, 1, 3, 2]","[3, 1, 0, 2]","[0, 1, 3, 2]"
sat_4clique_40_664_58622.cnf,[0 3 1 2],"[3, 1, 0, 2]","[3, 1, 0, 2]","[3, 1, 0, 2]","[0, 1, 3, 2]","[0, 1, 3, 2]","[0, 1, 3, 2]"
sat_php_224_918_91788.cnf,[1 0 3 2],"[3, 1, 2, 0]","[1, 3, 0, 2]","[3, 1, 0, 2]","[1, 0, 3, 2]","[1, 3, 0, 2]","[1, 0, 3, 2]"
sat_dominating_70_1295_25518.cnf,[0 1 3 2],"[3, 1, 0, 2]","[3, 1, 0, 2]","[3, 1, 0, 2]","[0, 1, 3, 2]","[3, 1, 0, 2]","[0, 1, 3, 2]"
sat_php_220_881_91073.cnf,[1 0 3 2],"[3, 1, 2, 0]","[3, 1, 0, 2]","[3, 1, 0, 2]","[1, 0, 3, 2]","[3, 1, 0, 2]","[1, 0, 3, 2]"
sat_php_227_942_25083.cnf,[0 1 3 2],"[3, 1, 2, 0]","[1, 3, 0, 2]","[3, 1, 0, 2]","[1, 0, 3, 2]","[1, 3, 0, 2]","[1, 0, 3, 2]"
unsat_matching_40_184_2153.cnf,[0 1 3 2],"[3, 1, 0, 2]","[3, 1, 0, 2]","[1, 3, 0, 2]","[0, 1, 3, 2]","[0, 1, 3, 2]","[0, 1, 3, 2]"
sat_4clique_40_604_39950.cnf,[0 3 1 2],"[3, 1, 0, 2]","[3, 1, 0, 2]","[3, 1, 0, 2]","[0, 1, 3, 2]","[0, 1, 3, 2]","[0, 1, 3, 2]"
unsat_dominating_80_1810_41876.cnf,[0 1 3 2],"[3, 1, 0, 2]","[3, 1, 0, 2]","[3, 1, 0, 2]","[0, 1, 3, 2]","[3, 1, 0, 2]","[0, 1, 3, 2]"
unsat_dominating_80_1810_65972.cnf,[1 0 3 2],"[3, 1, 0, 2]","[1, 3, 0, 2]","[1, 3, 0, 2]","[0, 1, 3, 2]","[3, 1, 0, 2]","[0, 1, 3, 2]"
unsat_3color_90_480_50860.cnf,[0 1 3 2],"[3, 1, 2, 0]","[3, 1, 0, 2]","[1, 3, 0, 2]","[0, 1, 3, 2]","[3, 1, 0, 2]","[0, 1, 3, 2]"
sat_php_224_908_8740.cnf,[1 0 3 2],"[3, 1, 2, 0]","[3, 1, 0, 2]","[3, 1, 0, 2]","[1, 0, 3, 2]","[1, 3, 0, 2]","[1, 0, 3, 2]"
sat_tiling_10_244_40767.cnf,[0 3 1 2],"[3, 1, 0, 2]","[3, 1, 0, 2]","[0, 1, 3, 2]","[0, 1, 3, 2]","[0, 1, 3, 2]","[0, 1, 3, 2]"
unsat_dominating_80_1810_31472.cnf,[1 0 3 2],"[3, 1, 0, 2]","[3, 1, 0, 2]","[3, 1, 0, 2]","[0, 1, 3, 2]","[3, 1, 0, 2]","[0, 1, 3, 2]"
sat_3clique_39_666_65351.cnf,[0 1 3 2],"[3, 1, 0, 2]","[3, 1, 0, 2]","[0, 1, 3, 2]","[0, 1, 3, 2]","[3, 1, 0, 2]","[0, 1, 3, 2]"
sat_tiling_10_237_83086.cnf,[0 3 1 2],"[3, 1, 0, 2]","[3, 1, 0, 2]","[0, 1, 3, 2]","[0, 1, 3, 2]","[0, 1, 3, 2]","[0, 1, 3, 2]"
unsat_cliquecoloring_48_493.cnf,[1 3 0 2],"[3, 2, 1, 0]","[1, 3, 0, 2]","[3, 1, 0, 2]","[0, 1, 3, 2]","[3, 1, 0, 2]","[0, 1, 3, 2]"
unsat_dominating_80_1810_60782.cnf,[1 0 3 2],"[3, 1, 0, 2]","[1, 3, 0, 2]","[1, 3, 0, 2]","[0, 1, 3, 2]","[3, 1, 0, 2]","[0, 1, 3, 2]"
sat_php_227_936_60065.cnf,[0 1 3 2],"[3, 1, 2, 0]","[1, 3, 0, 2]","[3, 1, 0, 2]","[0, 1, 3, 2]","[3, 1, 0, 2]","[1, 0, 3, 2]"
sat_5clique_50_930_78130.cnf,[1 0 3 2],"[3, 1, 0, 2]","[3, 1, 0, 2]","[3, 1, 0, 2]","[1, 0, 3, 2]","[3, 1, 0, 2]","[0, 1, 3, 2]"
unsat_dominating_80_1810_35210.cnf,[1 3 0 2],"[3, 1, 0, 2]","[1, 3, 0, 2]","[1, 3, 0, 2]","[0, 1, 3, 2]","[1, 3, 0, 2]","[0, 1, 3, 2]"
sat_subsetcard_60_2820_18847.cnf,[3 1 0 2],"[1, 3, 0, 2]","[3, 1, 0, 2]","[3, 1, 0, 2]","[0, 3, 1, 2]","[3, 1, 0, 2]","[0, 3, 1, 2]"
sat_cliquecoloring_50_213.cnf,[0 3 1 2],"[3, 1, 2, 0]","[3, 1, 0, 2]","[0, 1, 3, 2]","[0, 1, 3, 2]","[0, 1, 3, 2]","[0, 1, 3, 2]"
sat_subsetcard_24_84_25143.cnf,[3 1 0 2],"[3, 1, 0, 2]","[3, 0, 1, 2]","[0, 1, 3, 2]","[0, 1, 3, 2]","[0, 1, 3, 2]","[0, 1, 3, 2]"
sat_dominating_60_970_56272.cnf,[0 1 3 2],"[3, 1, 0, 2]","[3, 1, 0, 2]","[1, 3, 0, 2]","[1, 0, 3, 2]","[3, 1, 0, 2]","[1, 0, 3, 2]"
unsat_php_95_878_22166.cnf,[3 1 0 2],"[3, 1, 0, 2]","[3, 1, 0, 2]","[3, 1, 0, 2]","[0, 1, 3, 2]","[3, 1, 0, 2]","[0, 1, 3, 2]"
unsat_dominating_80_1810_95248.cnf,[1 0 3 2],"[3, 1, 0, 2]","[1, 3, 0, 2]","[3, 1, 0, 2]","[0, 1, 3, 2]","[1, 3, 0, 2]","[0, 1, 3, 2]"
unsat_php_101_509_5311.cnf,[3 0 1 2],"[3, 1, 2, 0]","[3, 1, 0, 2]","[3, 1, 0, 2]","[1, 0, 3, 2]","[3, 1, 0, 2]","[0, 1, 3, 2]"
sat_tseitin_20_142_20074.cnf,[3 1 0 2],"[0, 1, 3, 2]","[3, 0, 1, 2]","[0, 1, 3, 2]","[1, 0, 3, 2]","[0, 1, 3, 2]","[0, 1, 3, 2]"
sat_3clique_30_378_90705.cnf,[0 3 1 2],"[3, 1, 0, 2]","[3, 1, 0, 2]","[0, 1, 3, 2]","[0, 1, 3, 2]","[3, 1, 0, 2]","[0, 1, 3, 2]"
unsat_tiling_20_258_54906.cnf,[0 1 3 2],"[3, 1, 0, 2]","[3, 1, 0, 2]","[0, 1, 3, 2]","[0, 1, 3, 2]","[0, 1, 3, 2]","[0, 1, 3, 2]"
sat_php_213_828_16930.cnf,[0 1 3 2],"[3, 1, 2, 0]","[3, 1, 0, 2]","[1, 3, 0, 2]","[0, 1, 3, 2]","[3, 1, 0, 2]","[1, 0, 3, 2]"
sat_php_225_926_92838.cnf,[0 1 3 2],"[3, 1, 2, 0]","[1, 3, 0, 2]","[3, 1, 0, 2]","[1, 0, 3, 2]","[3, 1, 0, 2]","[1, 0, 3, 2]"
sat_php_233_990_95853.cnf,[1 0 3 2],"[3, 1, 2, 0]","[3, 1, 0, 2]","[3, 1, 0, 2]","[0, 1, 3, 2]","[3, 1, 0, 2]","[1, 0, 3, 2]"
unsat_tseitin_40_496_30847.cnf,[1 3 0 2],"[1, 3, 0, 2]","[3, 1, 0, 2]","[0, 3, 1, 2]","[0, 1, 3, 2]","[0, 3, 1, 2]","[1, 3, 0, 2]"
unsat_cliquecoloring_45_350.cnf,[1 3 0 2],"[3, 1, 2, 0]","[3, 1, 0, 2]","[3, 1, 0, 2]","[0, 1, 3, 2]","[3, 1, 0, 2]","[0, 1, 3, 2]"
unsat_5clique_65_1825_60066.cnf,[1 0 3 2],"[3, 1, 0, 2]","[3, 1, 0, 2]","[1, 3, 0, 2]","[0, 1, 3, 2]","[3, 1, 0, 2]","[0, 1, 3, 2]"
sat_op_45_249_69595.cnf,[0 3 1 2],"[3, 1, 0, 2]","[0, 1, 3, 2]","[0, 1, 3, 2]","[0, 1, 3, 2]","[0, 1, 3, 2]","[0, 1, 3, 2]"
sat_5color_250_1300_69384.cnf,[0 1 3 2],"[3, 1, 2, 0]","[3, 1, 0, 2]","[3, 1, 0, 2]","[0, 1, 3, 2]","[3, 1, 0, 2]","[0, 1, 3, 2]"
sat_cliquecoloring_55_227.cnf,[0 1 3 2],"[3, 1, 0, 2]","[3, 1, 0, 2]","[0, 1, 3, 2]","[0, 1, 3, 2]","[0, 1, 3, 2]","[0, 1, 3, 2]"
unsat_php_184_1627_40264.cnf,[0 3 1 2],"[3, 1, 0, 2]","[3, 1, 0, 2]","[1, 3, 0, 2]","[0, 1, 3, 2]","[3, 1, 0, 2]","[0, 1, 3, 2]"
sat_5color_50_260_2076.cnf,[0 1 3 2],"[3, 1, 0, 2]","[3, 1, 0, 2]","[0, 1, 3, 2]","[0, 1, 3, 2]","[0, 1, 3, 2]","[0, 1, 3, 2]"
unsat_tiling_20_793_2570.cnf,[0 1 3 2],"[3, 1, 0, 2]","[3, 1, 0, 2]","[3, 1, 0, 2]","[1, 0, 3, 2]","[3, 1, 0, 2]","[1, 0, 3, 2]"
sat_cliquecoloring_99_561.cnf,[0 3 1 2],"[3, 1, 0, 2]","[3, 1, 0, 2]","[3, 1, 0, 2]","[0, 1, 3, 2]","[3, 1, 0, 2]","[0, 1, 3, 2]"
sat_4clique_40_604_65687.cnf,[0 1 3 2],"[3, 1, 0, 2]","[3, 1, 0, 2]","[0, 1, 3, 2]","[0, 1, 3, 2]","[0, 1, 3, 2]","[0, 1, 3, 2]"
sat_3clique_30_378_78502.cnf,[0 3 1 2],"[3, 1, 0, 2]","[3, 1, 0, 2]","[0, 1, 3, 2]","[0, 1, 3, 2]","[0, 1, 3, 2]","[0, 1, 3, 2]"
unsat_php_186_1660_24423.cnf,[3 0 1 2],"[3, 1, 2, 0]","[3, 1, 0, 2]","[1, 3, 0, 2]","[0, 1, 3, 2]","[1, 3, 0, 2]","[0, 1, 3, 2]"
sat_php_229_956_22166.cnf,[1 0 3 2],"[3, 1, 2, 0]","[3, 1, 0, 2]","[3, 1, 0, 2]","[1, 0, 3, 2]","[3, 1, 0, 2]","[1, 0, 3, 2]"
unsat_op_20_74_63750.cnf,[3 1 0 2],"[3, 1, 0, 2]","[3, 1, 0, 2]","[0, 1, 3, 2]","[0, 1, 3, 2]","[0, 1, 3, 2]","[0, 1, 3, 2]"
unsat_dominating_80_1810_66626.cnf,[1 0 3 2],"[3, 1, 0, 2]","[3, 1, 0, 2]","[3, 1, 0, 2]","[0, 1, 3, 2]","[1, 3, 0, 2]","[0, 1, 3, 2]"
sat_op_45_249_85625.cnf,[0 3 1 2],"[3, 1, 0, 2]","[0, 3, 1, 2]","[0, 1, 3, 2]","[0, 1, 3, 2]","[0, 1, 3, 2]","[0, 1, 3, 2]"
sat_cliquecoloring_80_524.cnf,[0 1 3 2],"[3, 1, 2, 0]","[3, 1, 0, 2]","[3, 1, 0, 2]","[0, 1, 3, 2]","[3, 1, 0, 2]","[1, 0, 3, 2]"
sat_subsetcard_24_84_64525.cnf,[3 1 0 2],"[0, 1, 3, 2]","[3, 1, 0, 2]","[0, 1, 3, 2]","[0, 1, 3, 2]","[0, 1, 3, 2]","[0, 1, 3, 2]"
unsat_op_45_248_4041.cnf,[3 0 1 2],"[3, 1, 0, 2]","[1, 0, 3, 2]","[0, 1, 3, 2]","[0, 1, 3, 2]","[0, 1, 3, 2]","[0, 1, 3, 2]"
unsat_dominating_80_1809_49226.cnf,[1 0 3 2],"[3, 1, 0, 2]","[3, 1, 0, 2]","[3, 1, 0, 2]","[0, 1, 3, 2]","[3, 1, 0, 2]","[0, 1, 3, 2]"
sat_cliquecoloring_45_137.cnf,[0 1 3 2],"[3, 1, 0, 2]","[3, 1, 0, 2]","[0, 1, 3, 2]","[0, 1, 3, 2]","[0, 1, 3, 2]","[0, 1, 3, 2]"
unsat_matching_60_271_39143.cnf,[1 3 0 2],"[3, 1, 0, 2]","[3, 1, 0, 2]","[3, 1, 0, 2]","[0, 1, 3, 2]","[1, 3, 0, 2]","[0, 1, 3, 2]"
unsat_cliquecoloring_45_248.cnf,[1 3 0 2],"[3, 1, 2, 0]","[3, 1, 0, 2]","[3, 0, 1, 2]","[0, 1, 3, 2]","[0, 1, 3, 2]","[0, 1, 3, 2]"
sat_matching_60_251_14901.cnf,[0 1 3 2],"[3, 1, 0, 2]","[3, 1, 0, 2]","[1, 3, 0, 2]","[0, 1, 3, 2]","[3, 1, 0, 2]","[0, 1, 3, 2]"
sat_dominating_70_1295_31472.cnf,[1 0 3 2],"[3, 1, 0, 2]","[3, 1, 0, 2]","[3, 1, 0, 2]","[0, 1, 3, 2]","[3, 1, 0, 2]","[0, 1, 3, 2]"
sat_3clique_30_408_50315.cnf,[1 0 3 2],"[3, 1, 0, 2]","[3, 1, 0, 2]","[0, 1, 3, 2]","[0, 1, 3, 2]","[0, 1, 3, 2]","[0, 1, 3, 2]"
sat_subsetcard_36_360_58681.cnf,[3 0 1 2],"[3, 1, 0, 2]","[0, 3, 1, 2]","[0, 1, 3, 2]","[0, 1, 3, 2]","[0, 1, 3, 2]","[0, 1, 3, 2]"
sat_5color_100_520_97350.cnf,[0 1 3 2],"[3, 1, 2, 0]","[3, 1, 0, 2]","[3, 1, 0, 2]","[1, 0, 3, 2]","[1, 3, 0, 2]","[0, 1, 3, 2]"
sat_tseitin_20_130_36501.cnf,[3 1 0 2],"[0, 1, 3, 2]","[3, 0, 1, 2]","[0, 1, 3, 2]","[0, 1, 3, 2]","[0, 1, 3, 2]","[0, 1, 3, 2]"
unsat_tseitin_20_146_24277.cnf,[3 1 0 2],"[0, 1, 3, 2]","[3, 0, 1, 2]","[0, 1, 3, 2]","[1, 3, 0, 2]","[0, 1, 3, 2]","[0, 1, 3, 2]"
sat_subsetcard_60_2820_22665.cnf,[3 1 0 2],"[1, 3, 0, 2]",,"[3, 1, 0, 2]","[0, 3, 1, 2]","[3, 1, 0, 2]","[0, 3, 1, 2]"
sat_tseitin_30_468_86187.cnf,[3 0 1 2],"[1, 0, 3, 2]","[3, 0, 1, 2]","[0, 3, 1, 2]","[0, 1, 3, 2]","[0, 3, 1, 2]","[1, 3, 0, 2]"
unsat_cliquecoloring_37_230.cnf,[3 1 0 2],"[1, 0, 3, 2]","[0, 3, 1, 2]","[1, 3, 0, 2]","[0, 1, 3, 2]","[0, 1, 3, 2]","[0, 1, 3, 2]"
unsat_dominating_80_1810_96282.cnf,[1 3 0 2],"[3, 1, 0, 2]","[3, 1, 0, 2]","[3, 1, 0, 2]","[0, 1, 3, 2]","[3, 1, 0, 2]","[0, 1, 3, 2]"
unsat_dominating_80_1810_40273.cnf,[1 0 3 2],"[3, 1, 0, 2]","[3, 1, 0, 2]","[1, 3, 0, 2]","[0, 1, 3, 2]","[3, 1, 0, 2]","[0, 1, 3, 2]"
sat_subsetcard_12_72_25143.cnf,[0 3 1 2],"[3, 1, 0, 2]","[3, 1, 0, 2]","[0, 1, 3, 2]","[0, 1, 3, 2]","[0, 1, 3, 2]","[0, 1, 3, 2]"
sat_op_28_119_74214.cnf,[3 0 1 2],"[3, 1, 0, 2]","[0, 3, 1, 2]","[0, 1, 3, 2]","[0, 1, 3, 2]","[0, 1, 3, 2]","[0, 1, 3, 2]"
sat_4clique_32_404_34389.cnf,[0 3 1 2],"[3, 1, 0, 2]","[3, 1, 0, 2]","[0, 1, 3, 2]","[0, 1, 3, 2]","[0, 1, 3, 2]","[0, 1, 3, 2]"
unsat_5clique_65_1955_91681.cnf,[0 3 1 2],"[3, 1, 0, 2]","[3, 1, 0, 2]","[1, 3, 0, 2]","[0, 1, 3, 2]","[3, 1, 0, 2]","[0, 1, 3, 2]"
unsat_php_96_450_86266.cnf,[3 0 1 2],"[3, 1, 2, 0]","[3, 1, 0, 2]","[0, 1, 3, 2]","[0, 1, 3, 2]","[3, 1, 0, 2]","[0, 1, 3, 2]"
sat_5color_250_1050_96558.cnf,[0 1 3 2],"[3, 1, 2, 0]","[3, 1, 0, 2]","[3, 1, 0, 2]","[1, 0, 3, 2]","[3, 1, 0, 2]","[0, 1, 3, 2]"
unsat_dominating_40_455_87000.cnf,[1 3 0 2],"[3, 1, 0, 2]","[3, 1, 0, 2]","[3, 1, 0, 2]","[0, 1, 3, 2]","[3, 1, 0, 2]","[0, 1, 3, 2]"
unsat_tiling_20_101_58566.cnf,[3 0 1 2],"[3, 1, 0, 2]","[3, 1, 0, 2]","[0, 1, 3, 2]","[0, 1, 3, 2]","[0, 1, 3, 2]","[0, 1, 3, 2]"
unsat_dominating_50_690_38469.cnf,[1 3 0 2],"[3, 1, 0, 2]","[3, 1, 0, 2]","[3, 1, 0, 2]","[0, 1, 3, 2]","[3, 1, 0, 2]","[0, 1, 3, 2]"
sat_php_220_876_45650.cnf,[1 0 3 2],"[3, 1, 2, 0]","[3, 1, 0, 2]","[3, 1, 0, 2]","[1, 0, 3, 2]","[3, 1, 0, 2]","[1, 0, 3, 2]"
unsat_php_97_451_21992.cnf,[3 1 0 2],"[3, 1, 2, 0]","[3, 1, 0, 2]","[3, 1, 0, 2]","[0, 1, 3, 2]","[3, 1, 0, 2]","[0, 1, 3, 2]"
unsat_dominating_80_1810_71978.cnf,[0 1 3 2],"[3, 1, 0, 2]","[3, 1, 0, 2]","[3, 1, 0, 2]","[0, 1, 3, 2]","[3, 1, 0, 2]","[0, 1, 3, 2]"
unsat_dominating_80_1810_52694.cnf,[0 1 3 2],"[3, 1, 0, 2]","[3, 1, 0, 2]","[1, 3, 0, 2]","[0, 1, 3, 2]","[3, 1, 0, 2]","[0, 1, 3, 2]"
sat_php_226_932_62209.cnf,[0 1 3 2],"[3, 1, 2, 0]","[3, 1, 0, 2]","[3, 1, 0, 2]","[1, 0, 3, 2]","[3, 1, 0, 2]","[1, 0, 3, 2]"
unsat_dominating_80_1810_77484.cnf,[0 1 3 2],"[3, 1, 0, 2]","[1, 3, 0, 2]","[1, 3, 0, 2]","[0, 1, 3, 2]","[3, 1, 0, 2]","[0, 1, 3, 2]"
unsat_4color_40_190_72085.cnf,[1 3 0 2],"[3, 1, 0, 2]","[3, 1, 0, 2]","[0, 1, 3, 2]","[0, 1, 3, 2]","[0, 1, 3, 2]","[0, 1, 3, 2]"
sat_php_234_995_88781.cnf,[1 0 3 2],"[3, 1, 2, 0]","[3, 1, 0, 2]","[3, 1, 0, 2]","[1, 0, 3, 2]","[3, 1, 0, 2]","[1, 0, 3, 2]"
unsat_dominating_80_1809_21835.cnf,[1 3 0 2],"[3, 1, 0, 2]","[3, 1, 0, 2]","[1, 3, 0, 2]","[0, 1, 3, 2]","[3, 1, 0, 2]","[0, 1, 3, 2]"
sat_php_229_951_42801.cnf,[1 0 3 2],"[3, 1, 2, 0]","[3, 1, 0, 2]","[1, 3, 0, 2]","[1, 0, 3, 2]","[3, 1, 0, 2]","[1, 0, 3, 2]"
sat_op_28_119_84304.cnf,[0 3 1 2],"[3, 1, 0, 2]","[3, 0, 1, 2]","[0, 1, 3, 2]","[0, 1, 3, 2]","[0, 1, 3, 2]","[0, 1, 3, 2]"
unsat_op_90_775_82061.cnf,[0 3 1 2],"[3, 1, 0, 2]","[3, 1, 0, 2]","[1, 3, 0, 2]","[0, 1, 3, 2]","[1, 3, 0, 2]","[0, 1, 3, 2]"
unsat_cliquecoloring_36_176.cnf,[1 3 0 2],"[3, 1, 2, 0]","[3, 1, 0, 2]","[0, 1, 3, 2]","[0, 1, 3, 2]","[0, 1, 3, 2]","[0, 1, 3, 2]"
sat_php_224_911_4195.cnf,[0 1 3 2],"[3, 1, 2, 0]","[3, 1, 0, 2]","[3, 1, 0, 2]","[1, 0, 3, 2]","[3, 1, 0, 2]","[1, 0, 3, 2]"
unsat_dominating_80_1810_53707.cnf,[1 0 3 2],"[3, 1, 0, 2]","[1, 3, 0, 2]","[3, 1, 0, 2]","[0, 1, 3, 2]","[3, 1, 0, 2]","[0, 1, 3, 2]"
sat_subsetcard_12_36_64659.cnf,[3 0 1 2],"[0, 1, 3, 2]","[0, 3, 1, 2]","[0, 1, 3, 2]","[0, 3, 1, 2]","[0, 3, 1, 2]","[0, 1, 3, 2]"
sat_subsetcard_80_2240_22665.cnf,[3 1 0 2],"[1, 3, 0, 2]","[1, 0, 3, 2]","[0, 3, 1, 2]","[3, 1, 0, 2]","[0, 3, 1, 2]","[3, 1, 0, 2]"
unsat_op_90_775_64509.cnf,[0 1 3 2],"[3, 1, 0, 2]","[3, 1, 0, 2]","[3, 1, 0, 2]","[0, 1, 3, 2]","[3, 1, 0, 2]","[0, 1, 3, 2]"
unsat_dominating_80_1810_49226.cnf,[0 3 1 2],"[3, 1, 0, 2]","[3, 1, 0, 2]","[1, 3, 0, 2]","[0, 1, 3, 2]","[1, 3, 0, 2]","[0, 1, 3, 2]"
sat_php_223_901_21286.cnf,[1 0 3 2],"[3, 1, 2, 0]","[3, 1, 0, 2]","[3, 1, 0, 2]","[1, 0, 3, 2]","[3, 1, 0, 2]","[1, 0, 3, 2]"
unsat_5clique_65_1955_42480.cnf,[0 3 1 2],"[3, 1, 0, 2]","[0, 3, 2, 1]","[3, 1, 0, 2]","[0, 1, 3, 2]","[3, 1, 0, 2]","[0, 1, 3, 2]"
unsat_op_45_248_69595.cnf,[0 3 1 2],"[3, 1, 0, 2]","[3, 1, 0, 2]","[0, 1, 3, 2]","[0, 1, 3, 2]","[0, 1, 3, 2]","[0, 1, 3, 2]"
unsat_tseitin_30_568_54824.cnf,[0 3 1 2],"[0, 1, 3, 2]","[3, 1, 0, 2]","[0, 3, 1, 2]","[1, 3, 0, 2]","[0, 3, 1, 2]","[1, 3, 0, 2]"
unsat_tseitin_40_292_99809.cnf,[3 0 1 2],"[1, 3, 0, 2]","[3, 0, 1, 2]","[0, 1, 3, 2]","[0, 1, 3, 2]","[0, 1, 3, 2]","[0, 1, 3, 2]"
unsat_cliquecoloring_54_673.cnf,[3 1 0 2],"[3, 1, 0, 2]","[3, 1, 0, 2]","[3, 1, 0, 2]","[0, 1, 3, 2]","[3, 1, 0, 2]","[0, 1, 3, 2]"
unsat_dominating_50_689_11317.cnf,[1 3 0 2],"[3, 1, 0, 2]","[3, 1, 0, 2]","[3, 1, 0, 2]","[0, 1, 3, 2]","[3, 1, 0, 2]","[0, 1, 3, 2]"
unsat_matching_80_365_47440.cnf,[3 1 0 2],"[3, 1, 2, 0]","[3, 1, 0, 2]","[3, 1, 0, 2]","[0, 1, 3, 2]","[3, 1, 0, 2]","[0, 1, 3, 2]"
sat_tiling_5_17_36057.cnf,[0 3 1 2],"[0, 3, 1, 2]","[0, 3, 1, 2]","[0, 3, 1, 2]","[0, 3, 1, 2]","[0, 3, 1, 2]","[0, 3, 1, 2]"
unsat_matching_80_363_61838.cnf,[0 1 3 2],"[3, 1, 2, 0]","[3, 1, 0, 2]","[3, 1, 0, 2]","[0, 1, 3, 2]","[3, 1, 0, 2]","[0, 1, 3, 2]"
unsat_tseitin_30_452_52851.cnf,[3 0 1 2],"[0, 1, 3, 2]","[3, 1, 0, 2]","[0, 3, 1, 2]","[1, 3, 0, 2]","[0, 3, 1, 2]","[1, 0, 3, 2]"
sat_3clique_24_255_7737.cnf,[0 3 1 2],"[3, 1, 0, 2]","[3, 1, 0, 2]","[0, 1, 3, 2]","[0, 1, 3, 2]","[0, 1, 3, 2]","[0, 1, 3, 2]"
sat_subsetcard_60_2820_25143.cnf,[3 1 0 2],"[1, 3, 0, 2]",,"[3, 1, 0, 2]","[0, 3, 1, 2]","[1, 3, 0, 2]","[0, 3, 1, 2]"
unsat_dominating_40_455_28307.cnf,[1 3 0 2],"[3, 1, 0, 2]","[3, 1, 0, 2]","[1, 3, 0, 2]","[0, 1, 3, 2]","[3, 1, 0, 2]","[0, 1, 3, 2]"
unsat_dominating_80_1809_635.cnf,[1 3 0 2],"[3, 1, 0, 2]","[3, 1, 0, 2]","[1, 3, 0, 2]","[0, 1, 3, 2]","[3, 1, 0, 2]","[0, 1, 3, 2]"
unsat_dominating_40_455_87187.cnf,[1 3 0 2],"[3, 1, 0, 2]","[3, 1, 0, 2]","[3, 1, 0, 2]","[0, 1, 3, 2]","[3, 1, 0, 2]","[1, 0, 3, 2]"
sat_op_45_249_90577.cnf,[3 0 1 2],"[3, 1, 0, 2]","[0, 3, 1, 2]","[0, 1, 3, 2]","[0, 1, 3, 2]","[0, 1, 3, 2]","[0, 1, 3, 2]"
sat_tseitin_30_424_85097.cnf,[3 1 0 2],"[1, 3, 0, 2]","[3, 1, 0, 2]","[0, 3, 1, 2]","[1, 0, 3, 2]","[0, 3, 1, 2]","[1, 3, 0, 2]"
sat_php_188_804_77056.cnf,[0 1 3 2],"[3, 1, 2, 0]","[3, 1, 0, 2]","[3, 1, 0, 2]","[1, 0, 3, 2]","[3, 1, 0, 2]","[1, 0, 3, 2]"
sat_5color_250_1300_43143.cnf,[0 1 3 2],"[3, 1, 2, 0]","[3, 1, 0, 2]","[1, 3, 0, 2]","[0, 1, 3, 2]","[1, 3, 0, 2]","[1, 0, 3, 2]"
unsat_dominating_80_1810_64806.cnf,[0 1 3 2],"[3, 1, 0, 2]","[3, 1, 0, 2]","[3, 1, 0, 2]","[0, 1, 3, 2]","[3, 1, 0, 2]","[0, 1, 3, 2]"
unsat_dominating_80_1809_18472.cnf,[1 0 3 2],"[3, 1, 0, 2]","[3, 1, 0, 2]","[3, 1, 0, 2]","[0, 1, 3, 2]","[3, 1, 0, 2]","[0, 1, 3, 2]"
unsat_subsetcard_31_129_84276.cnf,[1 3 0 2],"[3, 1, 0, 2]","[3, 1, 0, 2]","[0, 1, 3, 2]","[0, 1, 3, 2]","[0, 1, 3, 2]","[0, 1, 3, 2]"
sat_dominating_60_970_53707.cnf,[0 1 3 2],"[3, 1, 0, 2]","[1, 3, 0, 2]","[3, 1, 0, 2]","[0, 1, 3, 2]","[3, 1, 0, 2]","[0, 1, 3, 2]"
sat_4clique_32_356_68014.cnf,[0 3 1 2],"[3, 1, 0, 2]","[3, 1, 0, 2]","[0, 1, 3, 2]","[0, 1, 3, 2]","[0, 1, 3, 2]","[0, 1, 3, 2]"
sat_php_227_937_64655.cnf,[0 1 3 2],"[3, 1, 2, 0]","[3, 1, 0, 2]","[1, 3, 0, 2]","[1, 0, 3, 2]","[3, 1, 0, 2]","[0, 1, 3, 2]"
unsat_dominating_80_1810_71068.cnf,[0 3 1 2],"[3, 1, 0, 2]","[3, 1, 0, 2]","[3, 1, 0, 2]","[0, 1, 3, 2]","[3, 1, 0, 2]","[0, 1, 3, 2]"
sat_cliquecoloring_69_305.cnf,[0 1 3 2],"[3, 1, 0, 2]","[3, 1, 0, 2]","[0, 1, 3, 2]","[0, 1, 3, 2]","[0, 1, 3, 2]","[0, 1, 3, 2]"
unsat_tseitin_40_296_55226.cnf,[3 0 1 2],"[1, 3, 0, 2]","[0, 3, 1, 2]","[0, 1, 3, 2]","[0, 1, 3, 2]","[0, 3, 1, 2]","[0, 1, 3, 2]"
unsat_dominating_80_1810_63476.cnf,[1 0 3 2],"[3, 1, 0, 2]","[3, 1, 0, 2]","[3, 1, 0, 2]","[0, 1, 3, 2]","[3, 1, 0, 2]","[0, 1, 3, 2]"
unsat_dominating_40_455_67184.cnf,[1 3 0 2],"[3, 1, 0, 2]","[3, 1, 0, 2]","[3, 1, 0, 2]","[1, 0, 3, 2]","[3, 1, 0, 2]","[1, 0, 3, 2]"
unsat_dominating_80_1810_67184.cnf,[0 1 3 2],"[3, 1, 0, 2]","[3, 1, 0, 2]","[3, 1, 0, 2]","[0, 1, 3, 2]","[3, 1, 0, 2]","[0, 1, 3, 2]"
