tsne_1,tsne_2,comp_name,cnf_name
21.285538,25.539848,original,unsat_5clique_65_1825_50315.cnf
38.83153,-1.1117672,egnn2s,unsat_5clique_65_1825_50315.cnf
31.56513,40.09142,g2sat,unsat_5clique_65_1825_50315.cnf
-1.604356,16.165436,small_gwae2sat_allo,unsat_5clique_65_1825_50315.cnf
-1.3705803,28.84367,small_gwae2sat_auto,unsat_5clique_65_1825_50315.cnf
25.410898,-1.6511966,big_gwae2sat_allo,unsat_5clique_65_1825_50315.cnf
19.49118,-5.9659796,big_gwae2sat_auto,unsat_5clique_65_1825_50315.cnf
-2.4995847,23.305689,original,sat_php_229_953_65845.cnf
20.05542,-21.188532,egnn2s,sat_php_229_953_65845.cnf
-9.747937,26.104609,g2sat,sat_php_229_953_65845.cnf
-0.42179388,11.094292,small_gwae2sat_allo,sat_php_229_953_65845.cnf
-0.46167535,10.794686,small_gwae2sat_auto,sat_php_229_953_65845.cnf
29.982529,-13.146997,big_gwae2sat_allo,sat_php_229_953_65845.cnf
28.693573,-14.1501,big_gwae2sat_auto,sat_php_229_953_65845.cnf
20.902569,27.71865,original,unsat_dominating_80_1810_98166.cnf
45.647766,6.231803,egnn2s,unsat_dominating_80_1810_98166.cnf
32.90775,40.01095,g2sat,unsat_dominating_80_1810_98166.cnf
10.737453,36.298363,small_gwae2sat_allo,unsat_dominating_80_1810_98166.cnf
10.001203,36.058044,small_gwae2sat_auto,unsat_dominating_80_1810_98166.cnf
32.119987,-2.422069,big_gwae2sat_allo,unsat_dominating_80_1810_98166.cnf
23.259653,-2.3227677,big_gwae2sat_auto,unsat_dominating_80_1810_98166.cnf
-39.431755,3.237469,original,unsat_tiling_20_102_21063.cnf
-30.806067,-13.144691,egnn2s,unsat_tiling_20_102_21063.cnf
-39.31129,3.8827996,g2sat,unsat_tiling_20_102_21063.cnf
-32.457535,-14.785632,small_gwae2sat_allo,unsat_tiling_20_102_21063.cnf
-32.771557,-14.738234,small_gwae2sat_auto,unsat_tiling_20_102_21063.cnf
-23.376148,-23.519184,big_gwae2sat_allo,unsat_tiling_20_102_21063.cnf
-23.33483,-23.53734,big_gwae2sat_auto,unsat_tiling_20_102_21063.cnf
-2.394161,21.087925,original,sat_php_225_920_5668.cnf
19.422855,-21.83908,egnn2s,sat_php_225_920_5668.cnf
-2.4558601,26.286093,g2sat,sat_php_225_920_5668.cnf
-0.19553319,10.28312,small_gwae2sat_allo,sat_php_225_920_5668.cnf
0.17483617,8.420128,small_gwae2sat_auto,sat_php_225_920_5668.cnf
28.290667,-14.800344,big_gwae2sat_allo,sat_php_225_920_5668.cnf
29.8591,-13.233345,big_gwae2sat_auto,sat_php_225_920_5668.cnf
19.237467,27.875921,original,unsat_dominating_80_1809_31472.cnf
45.19621,5.066578,egnn2s,unsat_dominating_80_1809_31472.cnf
33.124428,41.4562,g2sat,unsat_dominating_80_1809_31472.cnf
5.3756623,34.98735,small_gwae2sat_allo,unsat_dominating_80_1809_31472.cnf
4.653421,34.67813,small_gwae2sat_auto,unsat_dominating_80_1809_31472.cnf
21.38073,-3.4528167,big_gwae2sat_allo,unsat_dominating_80_1809_31472.cnf
25.569487,-2.0920136,big_gwae2sat_auto,unsat_dominating_80_1809_31472.cnf
-12.50245,24.528584,original,unsat_php_94_857_1462.cnf
9.657225,-27.317936,egnn2s,unsat_php_94_857_1462.cnf
-11.664357,24.89319,g2sat,unsat_php_94_857_1462.cnf
-0.7989318,1.1381494,small_gwae2sat_allo,unsat_php_94_857_1462.cnf
-0.17588872,2.8389652,small_gwae2sat_auto,unsat_php_94_857_1462.cnf
22.823086,-17.193134,big_gwae2sat_allo,unsat_php_94_857_1462.cnf
23.059376,-17.261854,big_gwae2sat_auto,unsat_php_94_857_1462.cnf
-32.91899,14.1595335,original,unsat_tseitin_40_266_90515.cnf
-6.3046756,-17.6501,egnn2s,unsat_tseitin_40_266_90515.cnf
-31.731445,15.233713,g2sat,unsat_tseitin_40_266_90515.cnf
-10.249539,-12.793763,small_gwae2sat_allo,unsat_tseitin_40_266_90515.cnf
-10.153869,-12.761964,small_gwae2sat_auto,unsat_tseitin_40_266_90515.cnf
12.755237,-26.46847,big_gwae2sat_allo,unsat_tseitin_40_266_90515.cnf
12.781817,-26.41711,big_gwae2sat_auto,unsat_tseitin_40_266_90515.cnf
-14.330976,24.0326,original,unsat_tiling_20_782_63634.cnf
6.919512,-27.560883,egnn2s,unsat_tiling_20_782_63634.cnf
-13.696605,24.268652,g2sat,unsat_tiling_20_782_63634.cnf
-0.5688117,2.0007634,small_gwae2sat_allo,unsat_tiling_20_782_63634.cnf
-0.56211215,2.4258413,small_gwae2sat_auto,unsat_tiling_20_782_63634.cnf
21.930033,-17.268248,big_gwae2sat_allo,unsat_tiling_20_782_63634.cnf
21.71744,-17.198095,big_gwae2sat_auto,unsat_tiling_20_782_63634.cnf
31.731743,39.988873,original,unsat_5clique_65_1955_30435.cnf
38.064682,-1.336042,egnn2s,unsat_5clique_65_1955_30435.cnf
32.91847,37.58245,g2sat,unsat_5clique_65_1955_30435.cnf
0.027607672,31.26048,small_gwae2sat_allo,unsat_5clique_65_1955_30435.cnf
-0.18548477,31.023453,small_gwae2sat_auto,unsat_5clique_65_1955_30435.cnf
19.055058,-6.9166427,big_gwae2sat_allo,unsat_5clique_65_1955_30435.cnf
19.31788,-6.1387177,big_gwae2sat_auto,unsat_5clique_65_1955_30435.cnf
-30.200417,16.224545,original,unsat_matching_80_356_51040.cnf
-4.7113676,-20.53555,egnn2s,unsat_matching_80_356_51040.cnf
-27.751812,19.069258,g2sat,unsat_matching_80_356_51040.cnf
-9.469254,-11.013885,small_gwae2sat_allo,unsat_matching_80_356_51040.cnf
-9.256455,-10.997513,small_gwae2sat_auto,unsat_matching_80_356_51040.cnf
1.916395,-32.714245,big_gwae2sat_allo,unsat_matching_80_356_51040.cnf
2.0039115,-32.652225,big_gwae2sat_auto,unsat_matching_80_356_51040.cnf
-38.512955,5.3657804,original,unsat_cliquecoloring_27_131.cnf
-26.005978,-13.149084,egnn2s,unsat_cliquecoloring_27_131.cnf
-39.109432,4.168614,g2sat,unsat_cliquecoloring_27_131.cnf
-29.32975,-16.505463,small_gwae2sat_allo,unsat_cliquecoloring_27_131.cnf
-30.406624,-16.208155,small_gwae2sat_auto,unsat_cliquecoloring_27_131.cnf
-19.871218,-26.657038,big_gwae2sat_allo,unsat_cliquecoloring_27_131.cnf
-19.892883,-26.643993,big_gwae2sat_auto,unsat_cliquecoloring_27_131.cnf
-22.63239,19.04664,original,sat_5color_100_420_10212.cnf
-3.560853,-22.340845,egnn2s,sat_5color_100_420_10212.cnf
-22.120619,19.765282,g2sat,sat_5color_100_420_10212.cnf
-7.7324514,-10.043433,small_gwae2sat_allo,sat_5color_100_420_10212.cnf
-5.943911,-8.79441,small_gwae2sat_auto,sat_5color_100_420_10212.cnf
6.2237663,-31.169846,big_gwae2sat_allo,sat_5color_100_420_10212.cnf
6.1110487,-31.219809,big_gwae2sat_auto,sat_5color_100_420_10212.cnf
-30.302269,16.110228,original,unsat_matching_80_361_40622.cnf
-4.6076984,-20.694887,egnn2s,unsat_matching_80_361_40622.cnf
-27.864702,18.951923,g2sat,unsat_matching_80_361_40622.cnf
-8.804132,-11.004232,small_gwae2sat_allo,unsat_matching_80_361_40622.cnf
-8.966632,-10.831823,small_gwae2sat_auto,unsat_matching_80_361_40622.cnf
2.1307037,-32.659985,big_gwae2sat_allo,unsat_matching_80_361_40622.cnf
2.4128823,-32.592953,big_gwae2sat_auto,unsat_matching_80_361_40622.cnf
-24.454895,20.504705,original,unsat_4clique_32_452_22842.cnf
-4.533582,-20.799196,egnn2s,unsat_4clique_32_452_22842.cnf
-24.298466,20.840986,g2sat,unsat_4clique_32_452_22842.cnf
-10.227388,-9.748837,small_gwae2sat_allo,unsat_4clique_32_452_22842.cnf
-21.941957,-12.802929,small_gwae2sat_auto,unsat_4clique_32_452_22842.cnf
6.39479,-31.580809,big_gwae2sat_allo,unsat_4clique_32_452_22842.cnf
6.528036,-31.506884,big_gwae2sat_auto,unsat_4clique_32_452_22842.cnf
11.309307,34.534008,original,sat_matching_160_1285_40622.cnf
35.323597,-3.2300336,egnn2s,sat_matching_160_1285_40622.cnf
11.897792,32.64949,g2sat,sat_matching_160_1285_40622.cnf
-1.4945086,27.063852,small_gwae2sat_allo,sat_matching_160_1285_40622.cnf
-2.1365063,24.376146,small_gwae2sat_auto,sat_matching_160_1285_40622.cnf
28.7323,-5.729408,big_gwae2sat_allo,sat_matching_160_1285_40622.cnf
28.909607,-5.227553,big_gwae2sat_auto,sat_matching_160_1285_40622.cnf
-38.569225,4.4184103,original,unsat_cliquecoloring_30_118.cnf
-26.81091,-13.348235,egnn2s,unsat_cliquecoloring_30_118.cnf
-39.176937,2.9908183,g2sat,unsat_cliquecoloring_30_118.cnf
-30.462637,-16.416733,small_gwae2sat_allo,unsat_cliquecoloring_30_118.cnf
-31.13419,-16.017708,small_gwae2sat_auto,unsat_cliquecoloring_30_118.cnf
-21.14467,-25.63262,big_gwae2sat_allo,unsat_cliquecoloring_30_118.cnf
-21.125332,-25.658598,big_gwae2sat_auto,unsat_cliquecoloring_30_118.cnf
-38.588074,3.5311408,original,unsat_matching_40_111_28630.cnf
-27.384,-13.855318,egnn2s,unsat_matching_40_111_28630.cnf
-38.20526,4.4307966,g2sat,unsat_matching_40_111_28630.cnf
-32.145374,-14.94814,small_gwae2sat_allo,unsat_matching_40_111_28630.cnf
-31.681551,-15.277833,small_gwae2sat_auto,unsat_matching_40_111_28630.cnf
-22.922544,-23.811476,big_gwae2sat_allo,unsat_matching_40_111_28630.cnf
-22.9326,-23.803585,big_gwae2sat_auto,unsat_matching_40_111_28630.cnf
-8.9492,26.780037,original,unsat_4clique_52_1174_65351.cnf
17.198332,-24.8542,egnn2s,unsat_4clique_52_1174_65351.cnf
11.329542,35.578415,g2sat,unsat_4clique_52_1174_65351.cnf
-1.1124448,0.05075765,small_gwae2sat_allo,unsat_4clique_52_1174_65351.cnf
0.21608092,5.176705,small_gwae2sat_auto,unsat_4clique_52_1174_65351.cnf
21.201277,-14.540214,big_gwae2sat_allo,unsat_4clique_52_1174_65351.cnf
19.600252,-15.632799,big_gwae2sat_auto,unsat_4clique_52_1174_65351.cnf
11.655289,32.678932,original,sat_dominating_70_1295_52087.cnf
32.710888,-11.802124,egnn2s,sat_dominating_70_1295_52087.cnf
12.588399,32.625797,g2sat,sat_dominating_70_1295_52087.cnf
-1.9709994,19.801754,small_gwae2sat_allo,sat_dominating_70_1295_52087.cnf
-1.6339502,16.528513,small_gwae2sat_auto,sat_dominating_70_1295_52087.cnf
28.768381,-6.0186434,big_gwae2sat_allo,sat_dominating_70_1295_52087.cnf
21.866104,-12.50954,big_gwae2sat_auto,sat_dominating_70_1295_52087.cnf
-39.81044,-0.41789153,original,unsat_tiling_10_47_90497.cnf
-40.359024,-1.9854511,egnn2s,unsat_tiling_10_47_90497.cnf
-39.76976,-0.6333836,g2sat,unsat_tiling_10_47_90497.cnf
-39.77973,-3.2480166,small_gwae2sat_allo,unsat_tiling_10_47_90497.cnf
-39.777294,-3.2941196,small_gwae2sat_auto,unsat_tiling_10_47_90497.cnf
-32.794987,-14.848173,big_gwae2sat_allo,unsat_tiling_10_47_90497.cnf
-32.788296,-14.829636,big_gwae2sat_auto,unsat_tiling_10_47_90497.cnf
21.285498,25.539845,original,unsat_5clique_65_1825_12867.cnf
38.839035,-1.0951735,egnn2s,unsat_5clique_65_1825_12867.cnf
31.637314,38.611797,g2sat,unsat_5clique_65_1825_12867.cnf
0.39496794,31.52868,small_gwae2sat_allo,unsat_5clique_65_1825_12867.cnf
0.12902163,31.219034,small_gwae2sat_auto,unsat_5clique_65_1825_12867.cnf
19.994377,-5.1175284,big_gwae2sat_allo,unsat_5clique_65_1825_12867.cnf
20.991081,-3.5219965,big_gwae2sat_auto,unsat_5clique_65_1825_12867.cnf
-17.79208,22.697895,original,unsat_op_90_775_81162.cnf
17.003586,-25.060225,egnn2s,unsat_op_90_775_81162.cnf
-13.418502,24.153206,g2sat,unsat_op_90_775_81162.cnf
0.18513036,10.740009,small_gwae2sat_allo,unsat_op_90_775_81162.cnf
0.17655921,11.137661,small_gwae2sat_auto,unsat_op_90_775_81162.cnf
32.216316,-10.716877,big_gwae2sat_allo,unsat_op_90_775_81162.cnf
32.361168,-10.574754,big_gwae2sat_auto,unsat_op_90_775_81162.cnf
11.655258,32.678944,original,sat_dominating_70_1295_27876.cnf
32.736618,-11.963542,egnn2s,sat_dominating_70_1295_27876.cnf
12.566391,32.559532,g2sat,sat_dominating_70_1295_27876.cnf
-1.9596337,20.080767,small_gwae2sat_allo,sat_dominating_70_1295_27876.cnf
-1.9752258,19.728775,small_gwae2sat_auto,sat_dominating_70_1295_27876.cnf
20.001728,-15.136645,big_gwae2sat_allo,sat_dominating_70_1295_27876.cnf
21.505396,-13.239086,big_gwae2sat_auto,sat_dominating_70_1295_27876.cnf
-35.041103,13.192589,original,unsat_tiling_20_231_52499.cnf
-10.812532,-12.797842,egnn2s,unsat_tiling_20_231_52499.cnf
-35.200394,13.194988,g2sat,unsat_tiling_20_231_52499.cnf
-21.841585,-15.092733,small_gwae2sat_allo,unsat_tiling_20_231_52499.cnf
-21.659006,-14.897545,small_gwae2sat_auto,unsat_tiling_20_231_52499.cnf
-8.790928,-32.838863,big_gwae2sat_allo,unsat_tiling_20_231_52499.cnf
-8.883315,-32.82061,big_gwae2sat_auto,unsat_tiling_20_231_52499.cnf
-23.51051,19.931309,original,unsat_cliquecoloring_62_446.cnf
-2.6663628,-23.136826,egnn2s,unsat_cliquecoloring_62_446.cnf
-23.545956,20.195063,g2sat,unsat_cliquecoloring_62_446.cnf
-5.103693,-7.125732,small_gwae2sat_allo,unsat_cliquecoloring_62_446.cnf
-4.2758393,-5.750803,small_gwae2sat_auto,unsat_cliquecoloring_62_446.cnf
12.3137245,-26.928225,big_gwae2sat_allo,unsat_cliquecoloring_62_446.cnf
12.2929325,-26.941517,big_gwae2sat_auto,unsat_cliquecoloring_62_446.cnf
-1.971361,26.353836,original,sat_php_234_997_36616.cnf
21.570421,-19.799486,egnn2s,sat_php_234_997_36616.cnf
-9.272686,26.510279,g2sat,sat_php_234_997_36616.cnf
-0.7023687,13.293257,small_gwae2sat_allo,sat_php_234_997_36616.cnf
-0.77862173,13.538446,small_gwae2sat_auto,sat_php_234_997_36616.cnf
31.17626,-11.700051,big_gwae2sat_allo,sat_php_234_997_36616.cnf
30.697557,-12.212922,big_gwae2sat_auto,sat_php_234_997_36616.cnf
19.650497,27.735308,original,unsat_dominating_80_1808_68998.cnf
45.51093,4.8028893,egnn2s,unsat_dominating_80_1808_68998.cnf
33.15314,40.22631,g2sat,unsat_dominating_80_1808_68998.cnf
8.431291,36.133793,small_gwae2sat_allo,unsat_dominating_80_1808_68998.cnf
1.43904,32.463757,small_gwae2sat_auto,unsat_dominating_80_1808_68998.cnf
21.283562,-3.30163,big_gwae2sat_allo,unsat_dominating_80_1808_68998.cnf
20.389027,-4.5538864,big_gwae2sat_auto,unsat_dominating_80_1808_68998.cnf
-34.30103,11.84876,original,unsat_matching_60_259_93884.cnf
-6.7670665,-16.778423,egnn2s,unsat_matching_60_259_93884.cnf
-31.936363,14.449496,g2sat,unsat_matching_60_259_93884.cnf
-19.324179,-14.127484,small_gwae2sat_allo,unsat_matching_60_259_93884.cnf
-18.124264,-13.782172,small_gwae2sat_auto,unsat_matching_60_259_93884.cnf
-7.1986394,-33.251736,big_gwae2sat_allo,unsat_matching_60_259_93884.cnf
-7.134372,-33.244892,big_gwae2sat_auto,unsat_matching_60_259_93884.cnf
-39.258297,3.208425,original,unsat_tseitin_20_100_94365.cnf
-29.461916,-13.368498,egnn2s,unsat_tseitin_20_100_94365.cnf
-39.221157,3.9135754,g2sat,unsat_tseitin_20_100_94365.cnf
-25.633377,-21.359522,small_gwae2sat_allo,unsat_tseitin_20_100_94365.cnf
-25.642189,-21.356436,small_gwae2sat_auto,unsat_tseitin_20_100_94365.cnf
-18.73934,-27.818863,big_gwae2sat_allo,unsat_tseitin_20_100_94365.cnf
-18.734531,-27.860085,big_gwae2sat_auto,unsat_tseitin_20_100_94365.cnf
-21.832561,19.561987,original,sat_4color_120_450_33000.cnf
-2.8190892,-23.435753,egnn2s,sat_4color_120_450_33000.cnf
-21.443245,20.143665,g2sat,sat_4color_120_450_33000.cnf
-6.748128,-9.054933,small_gwae2sat_allo,sat_4color_120_450_33000.cnf
-7.667305,-9.539053,small_gwae2sat_auto,sat_4color_120_450_33000.cnf
7.600273,-30.489351,big_gwae2sat_allo,sat_4color_120_450_33000.cnf
7.629827,-30.684654,big_gwae2sat_auto,sat_4color_120_450_33000.cnf
15.37413,32.093143,original,sat_5color_250_1550_97858.cnf
44.23094,3.4950473,egnn2s,sat_5color_250_1550_97858.cnf
16.614546,31.026531,g2sat,sat_5color_250_1550_97858.cnf
0.15906715,31.002464,small_gwae2sat_allo,sat_5color_250_1550_97858.cnf
0.5334964,31.623304,small_gwae2sat_auto,sat_5color_250_1550_97858.cnf
28.602299,-3.4207075,big_gwae2sat_allo,sat_5color_250_1550_97858.cnf
29.077864,-3.013568,big_gwae2sat_auto,sat_5color_250_1550_97858.cnf
21.159586,27.288338,original,unsat_dominating_80_1810_56432.cnf
46.29958,6.0285535,egnn2s,unsat_dominating_80_1810_56432.cnf
32.580105,40.277264,g2sat,unsat_dominating_80_1810_56432.cnf
5.7834787,35.390797,small_gwae2sat_allo,unsat_dominating_80_1810_56432.cnf
10.125592,36.07356,small_gwae2sat_auto,unsat_dominating_80_1810_56432.cnf
30.190802,-2.035142,big_gwae2sat_allo,unsat_dominating_80_1810_56432.cnf
30.453817,-2.0466526,big_gwae2sat_auto,unsat_dominating_80_1810_56432.cnf
-39.477806,-1.0904188,original,sat_tiling_5_19_51205.cnf
-39.40087,-1.1191272,egnn2s,sat_tiling_5_19_51205.cnf
-39.15933,-1.1564299,g2sat,sat_tiling_5_19_51205.cnf
-39.543762,-1.9785523,small_gwae2sat_allo,sat_tiling_5_19_51205.cnf
-39.531555,-2.009178,small_gwae2sat_auto,sat_tiling_5_19_51205.cnf
-39.791702,-2.756013,big_gwae2sat_allo,sat_tiling_5_19_51205.cnf
-39.84737,-2.4748778,big_gwae2sat_auto,sat_tiling_5_19_51205.cnf
-2.2855802,25.19968,original,sat_php_232_978_45755.cnf
21.143719,-20.13631,egnn2s,sat_php_232_978_45755.cnf
-1.2567958,28.99184,g2sat,sat_php_232_978_45755.cnf
-0.89925814,13.951564,small_gwae2sat_allo,sat_php_232_978_45755.cnf
-0.4377463,12.415834,small_gwae2sat_auto,sat_php_232_978_45755.cnf
28.55174,-13.560942,big_gwae2sat_allo,sat_php_232_978_45755.cnf
30.21643,-12.713876,big_gwae2sat_auto,sat_php_232_978_45755.cnf
21.14086,26.977278,original,unsat_dominating_80_1810_67242.cnf
46.30911,6.004879,egnn2s,unsat_dominating_80_1810_67242.cnf
32.64974,42.863827,g2sat,unsat_dominating_80_1810_67242.cnf
6.4054766,35.645966,small_gwae2sat_allo,unsat_dominating_80_1810_67242.cnf
7.1763124,35.69721,small_gwae2sat_auto,unsat_dominating_80_1810_67242.cnf
31.133287,-2.1773348,big_gwae2sat_allo,unsat_dominating_80_1810_67242.cnf
21.962257,-3.0398912,big_gwae2sat_auto,unsat_dominating_80_1810_67242.cnf
-1.9713619,26.353838,original,sat_php_234_997_1553.cnf
21.45003,-19.882265,egnn2s,sat_php_234_997_1553.cnf
-0.36901116,30.239143,g2sat,sat_php_234_997_1553.cnf
-0.60581857,12.9215,small_gwae2sat_allo,sat_php_234_997_1553.cnf
-0.5141257,12.104384,small_gwae2sat_auto,sat_php_234_997_1553.cnf
27.927633,-13.962002,big_gwae2sat_allo,sat_php_234_997_1553.cnf
30.921642,-11.925283,big_gwae2sat_auto,sat_php_234_997_1553.cnf
18.82594,27.79878,original,sat_subsetcard_64_1792_25143.cnf
44.270138,6.7462964,egnn2s,sat_subsetcard_64_1792_25143.cnf
31.54064,39.228203,g2sat,sat_subsetcard_64_1792_25143.cnf
-1.4643523,29.443363,small_gwae2sat_allo,sat_subsetcard_64_1792_25143.cnf
-2.8111696,27.259129,small_gwae2sat_auto,sat_subsetcard_64_1792_25143.cnf
37.663773,-1.5898012,big_gwae2sat_allo,sat_subsetcard_64_1792_25143.cnf
37.69589,-1.5418293,big_gwae2sat_auto,sat_subsetcard_64_1792_25143.cnf
-13.493698,24.22646,original,unsat_subsetcard_53_818_50334.cnf
17.114716,-24.867601,egnn2s,unsat_subsetcard_53_818_50334.cnf
-11.880035,24.810171,g2sat,unsat_subsetcard_53_818_50334.cnf
-0.14964595,2.7703922,small_gwae2sat_allo,unsat_subsetcard_53_818_50334.cnf
-0.118461594,3.2359393,small_gwae2sat_auto,unsat_subsetcard_53_818_50334.cnf
34.46435,-2.8435247,big_gwae2sat_allo,unsat_subsetcard_53_818_50334.cnf
37.260483,-2.1000183,big_gwae2sat_auto,unsat_subsetcard_53_818_50334.cnf
-39.4523,5.049241,original,unsat_tiling_10_124_9529.cnf
-30.3121,-12.977106,egnn2s,unsat_tiling_10_124_9529.cnf
-39.486164,5.241591,g2sat,unsat_tiling_10_124_9529.cnf
-32.475456,-15.063362,small_gwae2sat_allo,unsat_tiling_10_124_9529.cnf
-31.738441,-15.372654,small_gwae2sat_auto,unsat_tiling_10_124_9529.cnf
-21.543201,-25.213047,big_gwae2sat_allo,unsat_tiling_10_124_9529.cnf
-21.53381,-25.252321,big_gwae2sat_auto,unsat_tiling_10_124_9529.cnf
-39.142185,4.525496,original,sat_tseitin_20_118_71779.cnf
-26.468252,-13.878458,egnn2s,sat_tseitin_20_118_71779.cnf
-38.924507,5.3125243,g2sat,sat_tseitin_20_118_71779.cnf
-24.689852,-22.242493,small_gwae2sat_allo,sat_tseitin_20_118_71779.cnf
-24.673645,-22.267076,small_gwae2sat_auto,sat_tseitin_20_118_71779.cnf
-10.168444,-33.54521,big_gwae2sat_allo,sat_tseitin_20_118_71779.cnf
-10.158971,-33.540764,big_gwae2sat_auto,sat_tseitin_20_118_71779.cnf
-35.246254,13.798406,original,sat_tiling_10_236_77445.cnf
-16.546667,-13.2322035,egnn2s,sat_tiling_10_236_77445.cnf
-35.504635,13.60957,g2sat,sat_tiling_10_236_77445.cnf
-26.461395,-15.655564,small_gwae2sat_allo,sat_tiling_10_236_77445.cnf
-24.545906,-15.286938,small_gwae2sat_auto,sat_tiling_10_236_77445.cnf
-9.311932,-33.09887,big_gwae2sat_allo,sat_tiling_10_236_77445.cnf
-9.207779,-33.505493,big_gwae2sat_auto,sat_tiling_10_236_77445.cnf
-2.4586558,19.722181,original,sat_php_222_895_6.cnf
18.758951,-22.510553,egnn2s,sat_php_222_895_6.cnf
-2.7530892,24.143057,g2sat,sat_php_222_895_6.cnf
0.06175246,6.6971383,small_gwae2sat_allo,sat_php_222_895_6.cnf
0.056644455,7.7060275,small_gwae2sat_auto,sat_php_222_895_6.cnf
26.20943,-15.753124,big_gwae2sat_allo,sat_php_222_895_6.cnf
26.901419,-15.678233,big_gwae2sat_auto,sat_php_222_895_6.cnf
20.328852,26.645979,original,unsat_dominating_80_1810_66379.cnf
46.28124,5.081275,egnn2s,unsat_dominating_80_1810_66379.cnf
32.330673,40.92491,g2sat,unsat_dominating_80_1810_66379.cnf
9.765284,36.01997,small_gwae2sat_allo,unsat_dominating_80_1810_66379.cnf
6.602338,35.7342,small_gwae2sat_auto,unsat_dominating_80_1810_66379.cnf
27.367922,-1.5006516,big_gwae2sat_allo,unsat_dominating_80_1810_66379.cnf
31.071556,-2.1628833,big_gwae2sat_auto,unsat_dominating_80_1810_66379.cnf
-28.400646,17.765541,original,unsat_cliquecoloring_50_356.cnf
-4.720254,-20.310053,egnn2s,unsat_cliquecoloring_50_356.cnf
-28.502003,17.333069,g2sat,unsat_cliquecoloring_50_356.cnf
-8.1052685,-10.889015,small_gwae2sat_allo,unsat_cliquecoloring_50_356.cnf
-7.4792576,-10.368797,small_gwae2sat_auto,unsat_cliquecoloring_50_356.cnf
6.656429,-31.395363,big_gwae2sat_allo,unsat_cliquecoloring_50_356.cnf
6.4417458,-31.000757,big_gwae2sat_auto,unsat_cliquecoloring_50_356.cnf
-9.11514,26.639208,original,unsat_5clique_50_1130_76720.cnf
17.730223,-23.84312,egnn2s,unsat_5clique_50_1130_76720.cnf
5.94312,36.250877,g2sat,unsat_5clique_50_1130_76720.cnf
-0.042756088,2.2547748,small_gwae2sat_allo,unsat_5clique_50_1130_76720.cnf
-1.349122,-1.6808885,small_gwae2sat_auto,unsat_5clique_50_1130_76720.cnf
21.15064,-14.777894,big_gwae2sat_allo,unsat_5clique_50_1130_76720.cnf
19.776861,-15.517563,big_gwae2sat_auto,unsat_5clique_50_1130_76720.cnf
18.638811,29.165974,original,unsat_5clique_65_1695_90705.cnf
38.483234,-1.3262289,egnn2s,unsat_5clique_65_1695_90705.cnf
22.329056,27.757578,g2sat,unsat_5clique_65_1695_90705.cnf
-2.6154363,22.8481,small_gwae2sat_allo,unsat_5clique_65_1695_90705.cnf
-2.672407,21.582495,small_gwae2sat_auto,unsat_5clique_65_1695_90705.cnf
19.786392,-5.8276925,big_gwae2sat_allo,unsat_5clique_65_1695_90705.cnf
19.6355,-6.3706765,big_gwae2sat_auto,unsat_5clique_65_1695_90705.cnf
12.058129,36.252926,original,sat_5color_250_1300_97403.cnf
36.982033,-2.2725413,egnn2s,sat_5color_250_1300_97403.cnf
13.582643,32.85319,g2sat,sat_5color_250_1300_97403.cnf
-2.100277,24.435507,small_gwae2sat_allo,sat_5color_250_1300_97403.cnf
-1.891458,25.290634,small_gwae2sat_auto,sat_5color_250_1300_97403.cnf
21.930948,-12.372159,big_gwae2sat_allo,sat_5color_250_1300_97403.cnf
21.883307,-12.413097,big_gwae2sat_auto,sat_5color_250_1300_97403.cnf
-28.272573,17.24579,original,sat_3clique_30_348_89891.cnf
-6.1285667,-17.928766,egnn2s,sat_3clique_30_348_89891.cnf
-27.741293,17.626404,g2sat,sat_3clique_30_348_89891.cnf
-19.410954,-13.402197,small_gwae2sat_allo,sat_3clique_30_348_89891.cnf
-25.638489,-14.339838,small_gwae2sat_auto,sat_3clique_30_348_89891.cnf
-1.317897,-33.67699,big_gwae2sat_allo,sat_3clique_30_348_89891.cnf
-1.0610977,-33.66898,big_gwae2sat_auto,sat_3clique_30_348_89891.cnf
19.886192,27.042927,original,unsat_dominating_80_1810_70888.cnf
46.3698,5.2006125,egnn2s,unsat_dominating_80_1810_70888.cnf
32.655155,42.788876,g2sat,unsat_dominating_80_1810_70888.cnf
3.9432075,34.3125,small_gwae2sat_allo,unsat_dominating_80_1810_70888.cnf
9.156406,36.508568,small_gwae2sat_auto,unsat_dominating_80_1810_70888.cnf
27.108957,-1.4113548,big_gwae2sat_allo,unsat_dominating_80_1810_70888.cnf
23.208313,-2.4274118,big_gwae2sat_auto,unsat_dominating_80_1810_70888.cnf
21.285412,25.53977,original,unsat_5clique_65_1825_42075.cnf
44.06841,3.3249917,egnn2s,unsat_5clique_65_1825_42075.cnf
31.524372,38.551605,g2sat,unsat_5clique_65_1825_42075.cnf
-2.571144,26.449394,small_gwae2sat_allo,unsat_5clique_65_1825_42075.cnf
-2.9190416,21.949795,small_gwae2sat_auto,unsat_5clique_65_1825_42075.cnf
26.598276,-1.5148796,big_gwae2sat_allo,unsat_5clique_65_1825_42075.cnf
21.959248,-2.6610394,big_gwae2sat_auto,unsat_5clique_65_1825_42075.cnf
-16.785904,23.285078,original,sat_4clique_40_664_58622.cnf
-1.0541039,-25.050722,egnn2s,sat_4clique_40_664_58622.cnf
-16.222748,23.384718,g2sat,sat_4clique_40_664_58622.cnf
-5.316683,-6.8966784,small_gwae2sat_allo,sat_4clique_40_664_58622.cnf
-9.462949,-8.614136,small_gwae2sat_auto,sat_4clique_40_664_58622.cnf
14.30932,-25.132998,big_gwae2sat_allo,sat_4clique_40_664_58622.cnf
13.7641945,-25.74793,big_gwae2sat_auto,sat_4clique_40_664_58622.cnf
-2.434557,20.963228,original,sat_php_224_918_91788.cnf
19.268524,-21.9813,egnn2s,sat_php_224_918_91788.cnf
-2.550594,25.915392,g2sat,sat_php_224_918_91788.cnf
0.3206268,7.1387396,small_gwae2sat_allo,sat_php_224_918_91788.cnf
0.08714831,7.625993,small_gwae2sat_auto,sat_php_224_918_91788.cnf
26.823732,-15.317567,big_gwae2sat_allo,sat_php_224_918_91788.cnf
29.341534,-13.819514,big_gwae2sat_auto,sat_php_224_918_91788.cnf
11.655259,32.678947,original,sat_dominating_70_1295_25518.cnf
32.712578,-11.615582,egnn2s,sat_dominating_70_1295_25518.cnf
12.601015,32.624855,g2sat,sat_dominating_70_1295_25518.cnf
-2.00834,18.416061,small_gwae2sat_allo,sat_dominating_70_1295_25518.cnf
-1.7465438,16.977472,small_gwae2sat_auto,sat_dominating_70_1295_25518.cnf
28.617603,-5.9633427,big_gwae2sat_allo,sat_dominating_70_1295_25518.cnf
28.625244,-6.0478992,big_gwae2sat_auto,sat_dominating_70_1295_25518.cnf
-2.332486,19.103632,original,sat_php_220_881_91073.cnf
18.494387,-22.80783,egnn2s,sat_php_220_881_91073.cnf
-2.7993357,22.69546,g2sat,sat_php_220_881_91073.cnf
-0.017424608,6.816262,small_gwae2sat_allo,sat_php_220_881_91073.cnf
0.1513077,5.9800167,small_gwae2sat_auto,sat_php_220_881_91073.cnf
26.570923,-16.244038,big_gwae2sat_allo,sat_php_220_881_91073.cnf
24.030697,-16.763107,big_gwae2sat_auto,sat_php_220_881_91073.cnf
-2.4468322,22.519093,original,sat_php_227_942_25083.cnf
19.885508,-21.355974,egnn2s,sat_php_227_942_25083.cnf
-1.7585329,27.878784,g2sat,sat_php_227_942_25083.cnf
0.42606795,7.058834,small_gwae2sat_allo,sat_php_227_942_25083.cnf
0.15870455,8.333065,small_gwae2sat_auto,sat_php_227_942_25083.cnf
29.01752,-14.083735,big_gwae2sat_allo,sat_php_227_942_25083.cnf
30.727436,-12.804217,big_gwae2sat_auto,sat_php_227_942_25083.cnf
-39.53574,2.250037,original,unsat_matching_40_184_2153.cnf
-17.717503,-13.679259,egnn2s,unsat_matching_40_184_2153.cnf
-35.504696,10.716239,g2sat,unsat_matching_40_184_2153.cnf
-25.722486,-15.927402,small_gwae2sat_allo,unsat_matching_40_184_2153.cnf
-28.052668,-16.318771,small_gwae2sat_auto,unsat_matching_40_184_2153.cnf
-18.119123,-27.865734,big_gwae2sat_allo,unsat_matching_40_184_2153.cnf
-18.140888,-27.869759,big_gwae2sat_auto,unsat_matching_40_184_2153.cnf
-17.966917,22.829576,original,sat_4clique_40_604_39950.cnf
-1.6877468,-24.529736,egnn2s,sat_4clique_40_604_39950.cnf
-17.316124,23.060797,g2sat,sat_4clique_40_604_39950.cnf
-9.8487625,-9.0692005,small_gwae2sat_allo,sat_4clique_40_604_39950.cnf
-9.745449,-8.890021,small_gwae2sat_auto,sat_4clique_40_604_39950.cnf
13.627903,-25.986153,big_gwae2sat_allo,sat_4clique_40_604_39950.cnf
13.312255,-26.137386,big_gwae2sat_auto,sat_4clique_40_604_39950.cnf
20.587818,27.15977,original,unsat_dominating_80_1810_41876.cnf
45.53398,6.253994,egnn2s,unsat_dominating_80_1810_41876.cnf
33.138042,40.8489,g2sat,unsat_dominating_80_1810_41876.cnf
4.881159,34.784935,small_gwae2sat_allo,unsat_dominating_80_1810_41876.cnf
9.024581,35.965622,small_gwae2sat_auto,unsat_dominating_80_1810_41876.cnf
23.14957,-2.2863417,big_gwae2sat_allo,unsat_dominating_80_1810_41876.cnf
26.186459,-1.5480953,big_gwae2sat_auto,unsat_dominating_80_1810_41876.cnf
19.88677,27.044111,original,unsat_dominating_80_1810_65972.cnf
45.257378,5.8798375,egnn2s,unsat_dominating_80_1810_65972.cnf
33.050217,40.108273,g2sat,unsat_dominating_80_1810_65972.cnf
9.657421,36.65433,small_gwae2sat_allo,unsat_dominating_80_1810_65972.cnf
9.399815,35.988964,small_gwae2sat_auto,unsat_dominating_80_1810_65972.cnf
27.850637,-1.7598109,big_gwae2sat_allo,unsat_dominating_80_1810_65972.cnf
27.54543,-1.867086,big_gwae2sat_auto,unsat_dominating_80_1810_65972.cnf
-21.774431,20.50864,original,unsat_3color_90_480_50860.cnf
-3.0838082,-23.057152,egnn2s,unsat_3color_90_480_50860.cnf
-20.817049,21.366184,g2sat,unsat_3color_90_480_50860.cnf
-6.2178664,-8.153973,small_gwae2sat_allo,unsat_3color_90_480_50860.cnf
-6.7197094,-8.618635,small_gwae2sat_auto,unsat_3color_90_480_50860.cnf
7.986028,-30.464018,big_gwae2sat_allo,unsat_3color_90_480_50860.cnf
8.118527,-30.349129,big_gwae2sat_auto,unsat_3color_90_480_50860.cnf
-2.4719784,20.40144,original,sat_php_224_908_8740.cnf
19.056587,-22.198273,egnn2s,sat_php_224_908_8740.cnf
-2.607755,25.42909,g2sat,sat_php_224_908_8740.cnf
0.30991513,6.8094506,small_gwae2sat_allo,sat_php_224_908_8740.cnf
0.14937803,8.564179,small_gwae2sat_auto,sat_php_224_908_8740.cnf
26.654058,-15.888068,big_gwae2sat_allo,sat_php_224_908_8740.cnf
26.113588,-15.774423,big_gwae2sat_auto,sat_php_224_908_8740.cnf
-35.042927,14.0612545,original,sat_tiling_10_244_40767.cnf
-16.380543,-13.117299,egnn2s,sat_tiling_10_244_40767.cnf
-34.483498,14.792865,g2sat,sat_tiling_10_244_40767.cnf
-25.89006,-15.541134,small_gwae2sat_allo,sat_tiling_10_244_40767.cnf
-27.320047,-15.7801,small_gwae2sat_auto,sat_tiling_10_244_40767.cnf
-8.991296,-33.494488,big_gwae2sat_allo,sat_tiling_10_244_40767.cnf
-8.709121,-33.08168,big_gwae2sat_auto,sat_tiling_10_244_40767.cnf
20.882244,26.793978,original,unsat_dominating_80_1810_31472.cnf
46.088135,4.9816833,egnn2s,unsat_dominating_80_1810_31472.cnf
33.183907,40.74998,g2sat,unsat_dominating_80_1810_31472.cnf
5.7298408,35.23623,small_gwae2sat_allo,unsat_dominating_80_1810_31472.cnf
6.18674,35.189137,small_gwae2sat_auto,unsat_dominating_80_1810_31472.cnf
21.38176,-3.069845,big_gwae2sat_allo,unsat_dominating_80_1810_31472.cnf
25.196226,-1.8854734,big_gwae2sat_auto,unsat_dominating_80_1810_31472.cnf
-16.742334,23.322742,original,sat_3clique_39_666_65351.cnf
-1.2475301,-24.907852,egnn2s,sat_3clique_39_666_65351.cnf
-15.857203,23.480736,g2sat,sat_3clique_39_666_65351.cnf
-10.096953,-8.907735,small_gwae2sat_allo,sat_3clique_39_666_65351.cnf
-6.905061,-7.5767937,small_gwae2sat_auto,sat_3clique_39_666_65351.cnf
14.046277,-25.180443,big_gwae2sat_allo,sat_3clique_39_666_65351.cnf
13.412445,-25.63826,big_gwae2sat_auto,sat_3clique_39_666_65351.cnf
-35.223125,13.830139,original,sat_tiling_10_237_83086.cnf
-16.973217,-13.082223,egnn2s,sat_tiling_10_237_83086.cnf
-35.113235,14.117553,g2sat,sat_tiling_10_237_83086.cnf
-28.037615,-15.8956,small_gwae2sat_allo,sat_tiling_10_237_83086.cnf
-23.838408,-15.289505,small_gwae2sat_auto,sat_tiling_10_237_83086.cnf
-9.276765,-33.069126,big_gwae2sat_allo,sat_tiling_10_237_83086.cnf
-9.328773,-32.95167,big_gwae2sat_auto,sat_tiling_10_237_83086.cnf
-22.870161,21.379517,original,unsat_cliquecoloring_48_493.cnf
-2.126866,-23.16286,egnn2s,unsat_cliquecoloring_48_493.cnf
-23.170172,21.35436,g2sat,unsat_cliquecoloring_48_493.cnf
-2.4194744,-3.0184476,small_gwae2sat_allo,unsat_cliquecoloring_48_493.cnf
-2.731516,-3.379165,small_gwae2sat_auto,unsat_cliquecoloring_48_493.cnf
14.217118,-25.54539,big_gwae2sat_allo,unsat_cliquecoloring_48_493.cnf
14.293053,-25.618164,big_gwae2sat_auto,unsat_cliquecoloring_48_493.cnf
21.144197,27.044584,original,unsat_dominating_80_1810_60782.cnf
45.758404,5.596171,egnn2s,unsat_dominating_80_1810_60782.cnf
33.18519,40.667156,g2sat,unsat_dominating_80_1810_60782.cnf
10.189226,36.067326,small_gwae2sat_allo,unsat_dominating_80_1810_60782.cnf
4.121832,34.407772,small_gwae2sat_auto,unsat_dominating_80_1810_60782.cnf
19.53041,-6.11503,big_gwae2sat_allo,unsat_dominating_80_1810_60782.cnf
26.69305,-2.0280063,big_gwae2sat_auto,unsat_dominating_80_1810_60782.cnf
-2.435064,22.106947,original,sat_php_227_936_60065.cnf
19.734419,-21.519487,egnn2s,sat_php_227_936_60065.cnf
-2.01847,27.32554,g2sat,sat_php_227_936_60065.cnf
0.33962032,7.7790384,small_gwae2sat_allo,sat_php_227_936_60065.cnf
-0.076785766,9.948859,small_gwae2sat_auto,sat_php_227_936_60065.cnf
26.963148,-15.582778,big_gwae2sat_allo,sat_php_227_936_60065.cnf
26.442255,-14.854816,big_gwae2sat_auto,sat_php_227_936_60065.cnf
-11.418565,25.060682,original,sat_5clique_50_930_78130.cnf
16.41063,-25.88965,egnn2s,sat_5clique_50_930_78130.cnf
-2.9629145,27.533918,g2sat,sat_5clique_50_930_78130.cnf
-1.490038,-1.7458806,small_gwae2sat_allo,sat_5clique_50_930_78130.cnf
-1.5117236,-1.2298222,small_gwae2sat_auto,sat_5clique_50_930_78130.cnf
20.235308,-16.18299,big_gwae2sat_allo,sat_5clique_50_930_78130.cnf
21.267855,-16.51322,big_gwae2sat_auto,sat_5clique_50_930_78130.cnf
20.903608,26.82042,original,unsat_dominating_80_1810_35210.cnf
46.374798,5.200259,egnn2s,unsat_dominating_80_1810_35210.cnf
32.3998,41.51492,g2sat,unsat_dominating_80_1810_35210.cnf
11.049352,36.28197,small_gwae2sat_allo,unsat_dominating_80_1810_35210.cnf
9.5667515,36.077526,small_gwae2sat_auto,unsat_dominating_80_1810_35210.cnf
28.05568,-1.8584033,big_gwae2sat_allo,unsat_dominating_80_1810_35210.cnf
24.872677,-1.851438,big_gwae2sat_auto,unsat_dominating_80_1810_35210.cnf
33.083534,35.011158,original,sat_subsetcard_60_2820_18847.cnf
42.83312,6.793435,egnn2s,sat_subsetcard_60_2820_18847.cnf
33.037987,34.817474,g2sat,sat_subsetcard_60_2820_18847.cnf
33.275635,36.09808,small_gwae2sat_allo,sat_subsetcard_60_2820_18847.cnf
33.24166,35.7331,small_gwae2sat_auto,sat_subsetcard_60_2820_18847.cnf
38.208538,-2.1128306,big_gwae2sat_allo,sat_subsetcard_60_2820_18847.cnf
38.20184,-2.1100788,big_gwae2sat_auto,sat_subsetcard_60_2820_18847.cnf
-34.894337,11.4091215,original,sat_cliquecoloring_50_213.cnf
-8.763197,-13.516265,egnn2s,sat_cliquecoloring_50_213.cnf
-35.406376,10.798904,g2sat,sat_cliquecoloring_50_213.cnf
-27.28384,-16.228085,small_gwae2sat_allo,sat_cliquecoloring_50_213.cnf
-22.258963,-15.578288,small_gwae2sat_auto,sat_cliquecoloring_50_213.cnf
-8.544217,-33.65024,big_gwae2sat_allo,sat_cliquecoloring_50_213.cnf
-8.563003,-33.572475,big_gwae2sat_auto,sat_cliquecoloring_50_213.cnf
-39.466293,2.1685724,original,sat_subsetcard_24_84_25143.cnf
-30.630283,-13.211822,egnn2s,sat_subsetcard_24_84_25143.cnf
-39.269085,2.619201,g2sat,sat_subsetcard_24_84_25143.cnf
-31.084698,-17.049189,small_gwae2sat_allo,sat_subsetcard_24_84_25143.cnf
-30.950977,-17.134424,small_gwae2sat_auto,sat_subsetcard_24_84_25143.cnf
-21.670662,-25.284706,big_gwae2sat_allo,sat_subsetcard_24_84_25143.cnf
-21.704863,-25.263865,big_gwae2sat_auto,sat_subsetcard_24_84_25143.cnf
-10.907368,25.338804,original,sat_dominating_60_970_56272.cnf
17.733128,-23.841633,egnn2s,sat_dominating_60_970_56272.cnf
-1.2779648,29.299646,g2sat,sat_dominating_60_970_56272.cnf
0.02348143,4.773815,small_gwae2sat_allo,sat_dominating_60_970_56272.cnf
0.16164826,5.7977147,small_gwae2sat_auto,sat_dominating_60_970_56272.cnf
25.86767,-15.9688225,big_gwae2sat_allo,sat_dominating_60_970_56272.cnf
24.637453,-16.621143,big_gwae2sat_auto,sat_dominating_60_970_56272.cnf
-12.174826,24.65881,original,unsat_php_95_878_22166.cnf
9.971136,-27.222937,egnn2s,unsat_php_95_878_22166.cnf
-11.261345,25.136051,g2sat,unsat_php_95_878_22166.cnf
-0.42386824,2.2057097,small_gwae2sat_allo,unsat_php_95_878_22166.cnf
-0.10263003,3.8549864,small_gwae2sat_auto,unsat_php_95_878_22166.cnf
21.916811,-17.030052,big_gwae2sat_allo,unsat_php_95_878_22166.cnf
21.768705,-16.913807,big_gwae2sat_auto,unsat_php_95_878_22166.cnf
21.03384,27.583006,original,unsat_dominating_80_1810_95248.cnf
45.676235,5.4595547,egnn2s,unsat_dominating_80_1810_95248.cnf
32.46649,41.386826,g2sat,unsat_dominating_80_1810_95248.cnf
8.089294,35.991684,small_gwae2sat_allo,unsat_dominating_80_1810_95248.cnf
3.4774277,34.037167,small_gwae2sat_auto,unsat_dominating_80_1810_95248.cnf
26.013044,-1.4225858,big_gwae2sat_allo,unsat_dominating_80_1810_95248.cnf
26.423069,-1.853797,big_gwae2sat_auto,unsat_dominating_80_1810_95248.cnf
-20.905907,21.087744,original,unsat_php_101_509_5311.cnf
-2.2619996,-23.985394,egnn2s,unsat_php_101_509_5311.cnf
-20.1251,21.690365,g2sat,unsat_php_101_509_5311.cnf
-6.15728,-7.8664236,small_gwae2sat_allo,unsat_php_101_509_5311.cnf
-4.258313,-5.7131004,small_gwae2sat_auto,unsat_php_101_509_5311.cnf
11.581223,-27.524143,big_gwae2sat_allo,unsat_php_101_509_5311.cnf
11.554558,-27.57168,big_gwae2sat_auto,unsat_php_101_509_5311.cnf
-38.569157,6.101878,original,sat_tseitin_20_142_20074.cnf
-22.559914,-13.612809,egnn2s,sat_tseitin_20_142_20074.cnf
-38.04079,6.753224,g2sat,sat_tseitin_20_142_20074.cnf
-23.785482,-23.090391,small_gwae2sat_allo,sat_tseitin_20_142_20074.cnf
-23.810135,-23.065268,small_gwae2sat_auto,sat_tseitin_20_142_20074.cnf
-3.014187,-33.821625,big_gwae2sat_allo,sat_tseitin_20_142_20074.cnf
-3.0130534,-33.82285,big_gwae2sat_auto,sat_tseitin_20_142_20074.cnf
-27.273922,18.010105,original,sat_3clique_30_378_90705.cnf
-5.629203,-18.814722,egnn2s,sat_3clique_30_378_90705.cnf
-26.862059,18.263533,g2sat,sat_3clique_30_378_90705.cnf
-17.094746,-13.149059,small_gwae2sat_allo,sat_3clique_30_378_90705.cnf
-18.53914,-13.09528,small_gwae2sat_auto,sat_3clique_30_378_90705.cnf
0.8790743,-33.328217,big_gwae2sat_allo,sat_3clique_30_378_90705.cnf
1.0345908,-33.223198,big_gwae2sat_auto,sat_3clique_30_378_90705.cnf
-34.215942,14.280816,original,unsat_tiling_20_258_54906.cnf
-10.134764,-12.547962,egnn2s,unsat_tiling_20_258_54906.cnf
-33.35421,15.0906925,g2sat,unsat_tiling_20_258_54906.cnf
-21.3477,-14.514289,small_gwae2sat_allo,unsat_tiling_20_258_54906.cnf
-21.831257,-14.630216,small_gwae2sat_auto,unsat_tiling_20_258_54906.cnf
-7.3685274,-33.382942,big_gwae2sat_allo,unsat_tiling_20_258_54906.cnf
-7.244901,-33.33558,big_gwae2sat_auto,unsat_tiling_20_258_54906.cnf
-1.607967,16.298855,original,sat_php_213_828_16930.cnf
17.500305,-24.195406,egnn2s,sat_php_213_828_16930.cnf
-11.949767,24.811546,g2sat,sat_php_213_828_16930.cnf
-0.054238856,4.2643785,small_gwae2sat_allo,sat_php_213_828_16930.cnf
-0.06525833,4.2012005,small_gwae2sat_auto,sat_php_213_828_16930.cnf
23.57519,-17.215763,big_gwae2sat_allo,sat_php_213_828_16930.cnf
24.50336,-16.857298,big_gwae2sat_auto,sat_php_213_828_16930.cnf
-2.4190166,21.446198,original,sat_php_225_926_92838.cnf
19.528385,-21.707602,egnn2s,sat_php_225_926_92838.cnf
-10.788347,25.418287,g2sat,sat_php_225_926_92838.cnf
0.28890505,6.5817685,small_gwae2sat_allo,sat_php_225_926_92838.cnf
0.16931736,8.049406,small_gwae2sat_auto,sat_php_225_926_92838.cnf
29.595436,-13.473752,big_gwae2sat_allo,sat_php_225_926_92838.cnf
27.246529,-15.183535,big_gwae2sat_auto,sat_php_225_926_92838.cnf
-2.089784,25.885517,original,sat_php_233_990_95853.cnf
21.307024,-19.99399,egnn2s,sat_php_233_990_95853.cnf
-0.73569185,30.05075,g2sat,sat_php_233_990_95853.cnf
-0.7363438,13.434197,small_gwae2sat_allo,sat_php_233_990_95853.cnf
-0.9161343,14.003985,small_gwae2sat_auto,sat_php_233_990_95853.cnf
30.027912,-12.725319,big_gwae2sat_allo,sat_php_233_990_95853.cnf
30.16556,-12.512627,big_gwae2sat_auto,sat_php_233_990_95853.cnf
-23.51452,21.184708,original,unsat_tseitin_40_496_30847.cnf
-1.6209753,-24.5936,egnn2s,unsat_tseitin_40_496_30847.cnf
-1.0309194,0.64614564,g2sat,unsat_tseitin_40_496_30847.cnf
-2.2756035,-1.9307537,small_gwae2sat_allo,unsat_tseitin_40_496_30847.cnf
-2.2543557,-1.8577656,small_gwae2sat_auto,unsat_tseitin_40_496_30847.cnf
35.86315,-2.7891433,big_gwae2sat_allo,unsat_tseitin_40_496_30847.cnf
35.907024,-2.7827156,big_gwae2sat_auto,unsat_tseitin_40_496_30847.cnf
-28.509033,17.450819,original,unsat_cliquecoloring_45_350.cnf
-5.045722,-19.516954,egnn2s,unsat_cliquecoloring_45_350.cnf
-28.754623,17.041325,g2sat,unsat_cliquecoloring_45_350.cnf
-7.6666822,-10.762852,small_gwae2sat_allo,unsat_cliquecoloring_45_350.cnf
-7.343032,-10.400548,small_gwae2sat_auto,unsat_cliquecoloring_45_350.cnf
5.8069587,-31.496683,big_gwae2sat_allo,unsat_cliquecoloring_45_350.cnf
5.9319987,-31.47712,big_gwae2sat_auto,unsat_cliquecoloring_45_350.cnf
21.281412,25.538399,original,unsat_5clique_65_1825_60066.cnf
38.370766,-1.2875003,egnn2s,unsat_5clique_65_1825_60066.cnf
31.542732,40.192017,g2sat,unsat_5clique_65_1825_60066.cnf
1.3268186,32.365574,small_gwae2sat_allo,unsat_5clique_65_1825_60066.cnf
-2.719671,19.483551,small_gwae2sat_auto,unsat_5clique_65_1825_60066.cnf
20.836996,-3.8884642,big_gwae2sat_allo,unsat_5clique_65_1825_60066.cnf
19.470356,-6.1222043,big_gwae2sat_auto,unsat_5clique_65_1825_60066.cnf
-33.35954,13.145528,original,sat_op_45_249_69595.cnf
-6.6034036,-17.097256,egnn2s,sat_op_45_249_69595.cnf
-32.4302,14.476707,g2sat,sat_op_45_249_69595.cnf
-21.071041,-14.922583,small_gwae2sat_allo,sat_op_45_249_69595.cnf
-21.68925,-15.173502,small_gwae2sat_auto,sat_op_45_249_69595.cnf
0.14863677,-33.175518,big_gwae2sat_allo,sat_op_45_249_69595.cnf
-0.011032592,-33.166405,big_gwae2sat_auto,sat_op_45_249_69595.cnf
12.058134,36.252937,original,sat_5color_250_1300_69384.cnf
37.022472,-2.2554984,egnn2s,sat_5color_250_1300_69384.cnf
12.561106,32.560715,g2sat,sat_5color_250_1300_69384.cnf
-1.576033,26.421715,small_gwae2sat_allo,sat_5color_250_1300_69384.cnf
-2.1025977,23.575537,small_gwae2sat_auto,sat_5color_250_1300_69384.cnf
20.873804,-14.131376,big_gwae2sat_allo,sat_5color_250_1300_69384.cnf
28.566418,-6.212295,big_gwae2sat_auto,sat_5color_250_1300_69384.cnf
-34.194927,11.851778,original,sat_cliquecoloring_55_227.cnf
-7.0860925,-16.187004,egnn2s,sat_cliquecoloring_55_227.cnf
-34.427475,11.845318,g2sat,sat_cliquecoloring_55_227.cnf
-24.708061,-15.930096,small_gwae2sat_allo,sat_cliquecoloring_55_227.cnf
-24.86146,-15.740925,small_gwae2sat_auto,sat_cliquecoloring_55_227.cnf
-8.42314,-33.87417,big_gwae2sat_allo,sat_cliquecoloring_55_227.cnf
-8.329012,-33.915157,big_gwae2sat_auto,sat_cliquecoloring_55_227.cnf
16.485826,31.137234,original,unsat_php_184_1627_40264.cnf
44.248047,3.5139787,egnn2s,unsat_php_184_1627_40264.cnf
18.791145,28.995516,g2sat,unsat_php_184_1627_40264.cnf
-0.49489003,30.328465,small_gwae2sat_allo,unsat_php_184_1627_40264.cnf
2.6923115,33.49251,small_gwae2sat_auto,unsat_php_184_1627_40264.cnf
20.308664,-4.922357,big_gwae2sat_allo,unsat_php_184_1627_40264.cnf
22.130804,-3.786851,big_gwae2sat_auto,unsat_php_184_1627_40264.cnf
-32.724655,13.671015,original,sat_5color_50_260_2076.cnf
-9.575419,-12.836912,egnn2s,sat_5color_50_260_2076.cnf
-32.308758,14.442034,g2sat,sat_5color_50_260_2076.cnf
-24.894438,-15.198707,small_gwae2sat_allo,sat_5color_50_260_2076.cnf
-24.678663,-14.70045,small_gwae2sat_auto,sat_5color_50_260_2076.cnf
-8.544698,-33.52118,big_gwae2sat_allo,sat_5color_50_260_2076.cnf
-8.192743,-33.403908,big_gwae2sat_auto,sat_5color_50_260_2076.cnf
-14.117626,24.110075,original,unsat_tiling_20_793_2570.cnf
6.776407,-27.56568,egnn2s,unsat_tiling_20_793_2570.cnf
-13.526399,24.345915,g2sat,unsat_tiling_20_793_2570.cnf
-0.30661294,3.1809156,small_gwae2sat_allo,unsat_tiling_20_793_2570.cnf
-0.3622285,3.074786,small_gwae2sat_auto,unsat_tiling_20_793_2570.cnf
22.129156,-17.346909,big_gwae2sat_allo,unsat_tiling_20_793_2570.cnf
22.51959,-17.322826,big_gwae2sat_auto,unsat_tiling_20_793_2570.cnf
-19.59905,21.971216,original,sat_cliquecoloring_99_561.cnf
6.4203258,-27.668346,egnn2s,sat_cliquecoloring_99_561.cnf
-19.12365,22.178526,g2sat,sat_cliquecoloring_99_561.cnf
-2.5650706,-3.4001346,small_gwae2sat_allo,sat_cliquecoloring_99_561.cnf
-2.0763502,-2.2526,small_gwae2sat_auto,sat_cliquecoloring_99_561.cnf
15.814008,-23.013899,big_gwae2sat_allo,sat_cliquecoloring_99_561.cnf
15.837007,-22.941952,big_gwae2sat_auto,sat_cliquecoloring_99_561.cnf
-17.96685,22.829655,original,sat_4clique_40_604_65687.cnf
-1.7450424,-24.476608,egnn2s,sat_4clique_40_604_65687.cnf
-17.184456,23.068855,g2sat,sat_4clique_40_604_65687.cnf
-9.8208275,-8.931458,small_gwae2sat_allo,sat_4clique_40_604_65687.cnf
-6.8796597,-7.587655,small_gwae2sat_auto,sat_4clique_40_604_65687.cnf
13.057397,-26.323977,big_gwae2sat_allo,sat_4clique_40_604_65687.cnf
12.692476,-26.641035,big_gwae2sat_auto,sat_4clique_40_604_65687.cnf
-27.27395,18.010098,original,sat_3clique_30_378_78502.cnf
-5.636958,-18.788511,egnn2s,sat_3clique_30_378_78502.cnf
-26.749249,18.350113,g2sat,sat_3clique_30_378_78502.cnf
-27.29721,-14.51979,small_gwae2sat_allo,sat_3clique_30_378_78502.cnf
-18.765352,-13.04293,small_gwae2sat_auto,sat_3clique_30_378_78502.cnf
0.79612863,-33.268448,big_gwae2sat_allo,sat_3clique_30_378_78502.cnf
0.29661587,-33.18339,big_gwae2sat_auto,sat_3clique_30_378_78502.cnf
16.641018,31.00346,original,unsat_php_186_1660_24423.cnf
44.679993,3.9676104,egnn2s,unsat_php_186_1660_24423.cnf
18.849295,28.889465,g2sat,unsat_php_186_1660_24423.cnf
3.3937016,33.994415,small_gwae2sat_allo,unsat_php_186_1660_24423.cnf
0.68440384,31.785187,small_gwae2sat_auto,unsat_php_186_1660_24423.cnf
22.259544,-3.4930534,big_gwae2sat_allo,unsat_php_186_1660_24423.cnf
23.37715,-2.9689434,big_gwae2sat_auto,unsat_php_186_1660_24423.cnf
-2.548591,23.537254,original,sat_php_229_956_22166.cnf
20.231697,-21.010336,egnn2s,sat_php_229_956_22166.cnf
-1.6370705,28.12057,g2sat,sat_php_229_956_22166.cnf
-0.45819035,10.764397,small_gwae2sat_allo,sat_php_229_956_22166.cnf
-0.20395663,11.896232,small_gwae2sat_auto,sat_php_229_956_22166.cnf
29.562172,-13.469212,big_gwae2sat_allo,sat_php_229_956_22166.cnf
29.29957,-13.335423,big_gwae2sat_auto,sat_php_229_956_22166.cnf
-39.581318,1.5749267,original,unsat_op_20_74_63750.cnf
-31.3192,-13.230531,egnn2s,unsat_op_20_74_63750.cnf
-39.605927,1.4303995,g2sat,unsat_op_20_74_63750.cnf
-32.83668,-15.269101,small_gwae2sat_allo,unsat_op_20_74_63750.cnf
-32.86398,-15.24192,small_gwae2sat_auto,unsat_op_20_74_63750.cnf
-24.425947,-22.527246,big_gwae2sat_allo,unsat_op_20_74_63750.cnf
-24.474436,-22.471588,big_gwae2sat_auto,unsat_op_20_74_63750.cnf
20.161192,27.51429,original,unsat_dominating_80_1810_66626.cnf
45.15878,5.6547303,egnn2s,unsat_dominating_80_1810_66626.cnf
32.64263,41.679283,g2sat,unsat_dominating_80_1810_66626.cnf
6.728924,35.359642,small_gwae2sat_allo,unsat_dominating_80_1810_66626.cnf
8.794523,36.04204,small_gwae2sat_auto,unsat_dominating_80_1810_66626.cnf
25.402222,-1.7082825,big_gwae2sat_allo,unsat_dominating_80_1810_66626.cnf
22.98192,-2.2118225,big_gwae2sat_auto,unsat_dominating_80_1810_66626.cnf
-33.82323,12.697477,original,sat_op_45_249_85625.cnf
-6.606294,-17.090937,egnn2s,sat_op_45_249_85625.cnf
-32.618065,14.198793,g2sat,sat_op_45_249_85625.cnf
-22.470362,-15.235921,small_gwae2sat_allo,sat_op_45_249_85625.cnf
-22.781286,-15.301698,small_gwae2sat_auto,sat_op_45_249_85625.cnf
-0.39541402,-33.832294,big_gwae2sat_allo,sat_op_45_249_85625.cnf
-0.40076637,-33.260025,big_gwae2sat_auto,sat_op_45_249_85625.cnf
-20.627445,21.593143,original,sat_cliquecoloring_80_524.cnf
-1.6504751,-24.54805,egnn2s,sat_cliquecoloring_80_524.cnf
-20.031939,21.867605,g2sat,sat_cliquecoloring_80_524.cnf
-2.4959342,-3.1962535,small_gwae2sat_allo,sat_cliquecoloring_80_524.cnf
-2.7969975,-3.517152,small_gwae2sat_auto,sat_cliquecoloring_80_524.cnf
14.282656,-25.39373,big_gwae2sat_allo,sat_cliquecoloring_80_524.cnf
14.36541,-25.316704,big_gwae2sat_auto,sat_cliquecoloring_80_524.cnf
-39.466297,2.1685724,original,sat_subsetcard_24_84_64525.cnf
-30.617046,-13.218978,egnn2s,sat_subsetcard_24_84_64525.cnf
-39.269073,2.6191955,g2sat,sat_subsetcard_24_84_64525.cnf
-30.748806,-17.22904,small_gwae2sat_allo,sat_subsetcard_24_84_64525.cnf
-30.956835,-17.078672,small_gwae2sat_auto,sat_subsetcard_24_84_64525.cnf
-21.636322,-25.305008,big_gwae2sat_allo,sat_subsetcard_24_84_64525.cnf
-21.632835,-25.329668,big_gwae2sat_auto,sat_subsetcard_24_84_64525.cnf
-33.426613,13.066455,original,unsat_op_45_248_4041.cnf
-6.615876,-17.076073,egnn2s,unsat_op_45_248_4041.cnf
-34.44914,12.409007,g2sat,unsat_op_45_248_4041.cnf
-23.588146,-15.26011,small_gwae2sat_allo,unsat_op_45_248_4041.cnf
-23.33018,-15.160396,small_gwae2sat_auto,unsat_op_45_248_4041.cnf
-0.73950183,-33.778076,big_gwae2sat_allo,unsat_op_45_248_4041.cnf
-0.7483158,-33.37117,big_gwae2sat_auto,unsat_op_45_248_4041.cnf
19.55265,27.387331,original,unsat_dominating_80_1809_49226.cnf
45.470146,4.7509565,egnn2s,unsat_dominating_80_1809_49226.cnf
33.1564,40.90197,g2sat,unsat_dominating_80_1809_49226.cnf
6.0500774,35.08953,small_gwae2sat_allo,unsat_dominating_80_1809_49226.cnf
8.984659,36.441128,small_gwae2sat_auto,unsat_dominating_80_1809_49226.cnf
21.33859,-3.6540856,big_gwae2sat_allo,unsat_dominating_80_1809_49226.cnf
22.735947,-2.75726,big_gwae2sat_auto,unsat_dominating_80_1809_49226.cnf
-37.692757,5.6139135,original,sat_cliquecoloring_45_137.cnf
-20.096441,-13.706088,egnn2s,sat_cliquecoloring_45_137.cnf
-37.842335,5.469316,g2sat,sat_cliquecoloring_45_137.cnf
-30.1487,-16.539371,small_gwae2sat_allo,sat_cliquecoloring_45_137.cnf
-30.211884,-16.473919,small_gwae2sat_auto,sat_cliquecoloring_45_137.cnf
-19.468021,-26.991028,big_gwae2sat_allo,sat_cliquecoloring_45_137.cnf
-19.495924,-26.95019,big_gwae2sat_auto,sat_cliquecoloring_45_137.cnf
-37.410313,7.480652,original,unsat_matching_60_271_39143.cnf
-6.541019,-17.208204,egnn2s,unsat_matching_60_271_39143.cnf
-31.505089,14.987345,g2sat,unsat_matching_60_271_39143.cnf
-17.89845,-13.6258335,small_gwae2sat_allo,unsat_matching_60_271_39143.cnf
-18.667988,-13.842968,small_gwae2sat_auto,unsat_matching_60_271_39143.cnf
-6.5078483,-33.373196,big_gwae2sat_allo,unsat_matching_60_271_39143.cnf
-6.4403353,-33.38686,big_gwae2sat_auto,unsat_matching_60_271_39143.cnf
-33.431366,13.082692,original,unsat_cliquecoloring_45_248.cnf
-8.304509,-12.629509,egnn2s,unsat_cliquecoloring_45_248.cnf
-33.365894,13.466511,g2sat,unsat_cliquecoloring_45_248.cnf
-18.798433,-14.158056,small_gwae2sat_allo,unsat_cliquecoloring_45_248.cnf
-19.809404,-14.3767395,small_gwae2sat_auto,unsat_cliquecoloring_45_248.cnf
-6.870274,-33.569653,big_gwae2sat_allo,unsat_cliquecoloring_45_248.cnf
-7.0183434,-33.52027,big_gwae2sat_auto,unsat_cliquecoloring_45_248.cnf
-34.598553,11.610124,original,sat_matching_60_251_14901.cnf
-6.9567814,-16.431376,egnn2s,sat_matching_60_251_14901.cnf
-32.039513,14.186412,g2sat,sat_matching_60_251_14901.cnf
-19.917732,-14.206302,small_gwae2sat_allo,sat_matching_60_251_14901.cnf
-19.76657,-14.203577,small_gwae2sat_auto,sat_matching_60_251_14901.cnf
-7.5894194,-33.14988,big_gwae2sat_allo,sat_matching_60_251_14901.cnf
-7.6997957,-33.040176,big_gwae2sat_auto,sat_matching_60_251_14901.cnf
11.6552925,32.678936,original,sat_dominating_70_1295_31472.cnf
32.766357,-11.95774,egnn2s,sat_dominating_70_1295_31472.cnf
14.382676,33.014545,g2sat,sat_dominating_70_1295_31472.cnf
-1.9312176,20.440817,small_gwae2sat_allo,sat_dominating_70_1295_31472.cnf
-2.0180347,19.390903,small_gwae2sat_auto,sat_dominating_70_1295_31472.cnf
28.678364,-6.053689,big_gwae2sat_allo,sat_dominating_70_1295_31472.cnf
20.232754,-14.813554,big_gwae2sat_auto,sat_dominating_70_1295_31472.cnf
-26.148478,18.926092,original,sat_3clique_30_408_50315.cnf
-5.1538277,-19.77862,egnn2s,sat_3clique_30_408_50315.cnf
-25.751064,19.256174,g2sat,sat_3clique_30_408_50315.cnf
-18.84953,-13.0905485,small_gwae2sat_allo,sat_3clique_30_408_50315.cnf
-21.732483,-12.994906,small_gwae2sat_auto,sat_3clique_30_408_50315.cnf
2.3261983,-33.134743,big_gwae2sat_allo,sat_3clique_30_408_50315.cnf
1.8731368,-33.17178,big_gwae2sat_auto,sat_3clique_30_408_50315.cnf
-27.998518,17.681047,original,sat_subsetcard_36_360_58681.cnf
-4.3857856,-21.048239,egnn2s,sat_subsetcard_36_360_58681.cnf
-26.664118,18.594587,g2sat,sat_subsetcard_36_360_58681.cnf
-7.9901276,-10.718079,small_gwae2sat_allo,sat_subsetcard_36_360_58681.cnf
-8.073167,-10.762187,small_gwae2sat_auto,sat_subsetcard_36_360_58681.cnf
13.820841,-25.319431,big_gwae2sat_allo,sat_subsetcard_36_360_58681.cnf
13.765789,-25.354551,big_gwae2sat_auto,sat_subsetcard_36_360_58681.cnf
-20.607237,21.344374,original,sat_5color_100_520_97350.cnf
-2.361611,-23.746944,egnn2s,sat_5color_100_520_97350.cnf
-19.732082,21.910248,g2sat,sat_5color_100_520_97350.cnf
-5.5309854,-7.429794,small_gwae2sat_allo,sat_5color_100_520_97350.cnf
-5.5303583,-7.484649,small_gwae2sat_auto,sat_5color_100_520_97350.cnf
11.875248,-27.264256,big_gwae2sat_allo,sat_5color_100_520_97350.cnf
11.967502,-27.196114,big_gwae2sat_auto,sat_5color_100_520_97350.cnf
-38.90602,5.4005194,original,sat_tseitin_20_130_36501.cnf
-25.01807,-13.825061,egnn2s,sat_tseitin_20_130_36501.cnf
-38.5201,6.157589,g2sat,sat_tseitin_20_130_36501.cnf
-24.065905,-22.830704,small_gwae2sat_allo,sat_tseitin_20_130_36501.cnf
-24.046265,-22.851263,small_gwae2sat_auto,sat_tseitin_20_130_36501.cnf
-7.608247,-34.58248,big_gwae2sat_allo,sat_tseitin_20_130_36501.cnf
-7.667885,-34.50799,big_gwae2sat_auto,sat_tseitin_20_130_36501.cnf
-38.377384,6.3175983,original,unsat_tseitin_20_146_24277.cnf
-22.096775,-13.656728,egnn2s,unsat_tseitin_20_146_24277.cnf
-37.937817,6.9355407,g2sat,unsat_tseitin_20_146_24277.cnf
-23.691063,-23.144333,small_gwae2sat_allo,unsat_tseitin_20_146_24277.cnf
-23.66482,-23.193886,small_gwae2sat_auto,unsat_tseitin_20_146_24277.cnf
-2.708476,-33.80372,big_gwae2sat_allo,unsat_tseitin_20_146_24277.cnf
-2.6087923,-33.80009,big_gwae2sat_auto,unsat_tseitin_20_146_24277.cnf
33.083534,35.011158,original,sat_subsetcard_60_2820_22665.cnf
42.83342,6.7934494,egnn2s,sat_subsetcard_60_2820_22665.cnf
33.274033,36.17254,small_gwae2sat_allo,sat_subsetcard_60_2820_22665.cnf
33.272747,36.188763,small_gwae2sat_auto,sat_subsetcard_60_2820_22665.cnf
38.204544,-2.1111314,big_gwae2sat_allo,sat_subsetcard_60_2820_22665.cnf
38.206238,-2.1119003,big_gwae2sat_auto,sat_subsetcard_60_2820_22665.cnf
-24.056759,21.059505,original,sat_tseitin_30_468_86187.cnf
-2.3209395,-23.935732,egnn2s,sat_tseitin_30_468_86187.cnf
-22.413359,21.789188,g2sat,sat_tseitin_30_468_86187.cnf
-2.3269746,-2.6948688,small_gwae2sat_allo,sat_tseitin_30_468_86187.cnf
-2.3697052,-2.6352925,small_gwae2sat_auto,sat_tseitin_30_468_86187.cnf
34.827545,-3.3617535,big_gwae2sat_allo,sat_tseitin_30_468_86187.cnf
34.980442,-3.2881258,big_gwae2sat_auto,sat_tseitin_30_468_86187.cnf
-34.475212,12.480188,original,unsat_cliquecoloring_37_230.cnf
-10.581208,-12.867212,egnn2s,unsat_cliquecoloring_37_230.cnf
-35.705807,10.512616,g2sat,unsat_cliquecoloring_37_230.cnf
-21.290598,-14.912535,small_gwae2sat_allo,unsat_cliquecoloring_37_230.cnf
-25.398888,-15.603249,small_gwae2sat_auto,unsat_cliquecoloring_37_230.cnf
-8.58056,-33.0265,big_gwae2sat_allo,unsat_cliquecoloring_37_230.cnf
-8.31928,-33.007782,big_gwae2sat_auto,unsat_cliquecoloring_37_230.cnf
20.32898,26.645987,original,unsat_dominating_80_1810_96282.cnf
45.20528,5.7986155,egnn2s,unsat_dominating_80_1810_96282.cnf
32.40184,41.16486,g2sat,unsat_dominating_80_1810_96282.cnf
10.263659,36.617943,small_gwae2sat_allo,unsat_dominating_80_1810_96282.cnf
3.5907269,34.10601,small_gwae2sat_auto,unsat_dominating_80_1810_96282.cnf
21.521477,-3.1029952,big_gwae2sat_allo,unsat_dominating_80_1810_96282.cnf
28.924671,-1.8441619,big_gwae2sat_auto,unsat_dominating_80_1810_96282.cnf
20.902115,27.718874,original,unsat_dominating_80_1810_40273.cnf
46.483257,5.5364027,egnn2s,unsat_dominating_80_1810_40273.cnf
32.59064,39.424904,g2sat,unsat_dominating_80_1810_40273.cnf
9.848763,36.71644,small_gwae2sat_allo,unsat_dominating_80_1810_40273.cnf
5.2044787,34.950035,small_gwae2sat_auto,unsat_dominating_80_1810_40273.cnf
19.734476,-5.615225,big_gwae2sat_allo,unsat_dominating_80_1810_40273.cnf
22.969347,-2.4314756,big_gwae2sat_auto,unsat_dominating_80_1810_40273.cnf
-39.62748,1.3842605,original,sat_subsetcard_12_72_25143.cnf
-31.635338,-13.118524,egnn2s,sat_subsetcard_12_72_25143.cnf
-39.650738,1.8293077,g2sat,sat_subsetcard_12_72_25143.cnf
-31.794598,-16.472874,small_gwae2sat_allo,sat_subsetcard_12_72_25143.cnf
-31.822275,-16.50563,small_gwae2sat_auto,sat_subsetcard_12_72_25143.cnf
-22.945393,-24.193727,big_gwae2sat_allo,sat_subsetcard_12_72_25143.cnf
-22.858366,-24.24311,big_gwae2sat_auto,sat_subsetcard_12_72_25143.cnf
-38.66089,4.512105,original,sat_op_28_119_74214.cnf
-25.697058,-13.805166,egnn2s,sat_op_28_119_74214.cnf
-38.441563,5.255813,g2sat,sat_op_28_119_74214.cnf
-29.991858,-17.137758,small_gwae2sat_allo,sat_op_28_119_74214.cnf
-30.263712,-16.879246,small_gwae2sat_auto,sat_op_28_119_74214.cnf
-19.641535,-26.839785,big_gwae2sat_allo,sat_op_28_119_74214.cnf
-19.487743,-26.955023,big_gwae2sat_auto,sat_op_28_119_74214.cnf
-26.315306,18.80664,original,sat_4clique_32_404_34389.cnf
-5.0604663,-19.936573,egnn2s,sat_4clique_32_404_34389.cnf
-25.709913,19.293282,g2sat,sat_4clique_32_404_34389.cnf
-21.820873,-12.977676,small_gwae2sat_allo,sat_4clique_32_404_34389.cnf
-25.191101,-13.494799,small_gwae2sat_auto,sat_4clique_32_404_34389.cnf
2.4383402,-33.100708,big_gwae2sat_allo,sat_4clique_32_404_34389.cnf
2.0943623,-33.1503,big_gwae2sat_auto,sat_4clique_32_404_34389.cnf
31.73189,39.989548,original,unsat_5clique_65_1955_91681.cnf
38.860622,-1.0601419,egnn2s,unsat_5clique_65_1955_91681.cnf
32.809166,37.818127,g2sat,unsat_5clique_65_1955_91681.cnf
-0.29160902,30.855143,small_gwae2sat_allo,unsat_5clique_65_1955_91681.cnf
-0.55187404,30.547966,small_gwae2sat_auto,unsat_5clique_65_1955_91681.cnf
19.290365,-6.264297,big_gwae2sat_allo,unsat_5clique_65_1955_91681.cnf
21.650894,-2.440594,big_gwae2sat_auto,unsat_5clique_65_1955_91681.cnf
-22.198292,19.716715,original,unsat_php_96_450_86266.cnf
-3.220176,-22.879965,egnn2s,unsat_php_96_450_86266.cnf
-21.685839,20.515682,g2sat,unsat_php_96_450_86266.cnf
-9.119887,-9.900808,small_gwae2sat_allo,unsat_php_96_450_86266.cnf
-6.7908673,-9.189431,small_gwae2sat_auto,unsat_php_96_450_86266.cnf
7.57131,-31.117472,big_gwae2sat_allo,unsat_php_96_450_86266.cnf
7.1290607,-30.448019,big_gwae2sat_auto,unsat_php_96_450_86266.cnf
-0.83890086,29.082903,original,sat_5color_250_1050_96558.cnf
21.91102,-19.665003,egnn2s,sat_5color_250_1050_96558.cnf
-9.356706,26.428493,g2sat,sat_5color_250_1050_96558.cnf
-1.1262718,14.710513,small_gwae2sat_allo,sat_5color_250_1050_96558.cnf
-0.968781,14.165939,small_gwae2sat_auto,sat_5color_250_1050_96558.cnf
30.91891,-11.792245,big_gwae2sat_allo,sat_5color_250_1050_96558.cnf
30.264885,-12.483848,big_gwae2sat_auto,sat_5color_250_1050_96558.cnf
-24.227278,20.28764,original,unsat_dominating_40_455_87000.cnf
-3.4837568,-22.43672,egnn2s,unsat_dominating_40_455_87000.cnf
-23.644037,21.03993,g2sat,unsat_dominating_40_455_87000.cnf
-7.077474,-9.200425,small_gwae2sat_allo,unsat_dominating_40_455_87000.cnf
-5.521709,-7.917756,small_gwae2sat_auto,unsat_dominating_40_455_87000.cnf
7.197085,-31.292824,big_gwae2sat_allo,unsat_dominating_40_455_87000.cnf
6.800828,-30.72443,big_gwae2sat_auto,unsat_dominating_40_455_87000.cnf
-39.60151,3.0042725,original,unsat_tiling_20_101_58566.cnf
-30.760721,-13.162008,egnn2s,unsat_tiling_20_101_58566.cnf
-39.585224,3.2010086,g2sat,unsat_tiling_20_101_58566.cnf
-32.399506,-14.842432,small_gwae2sat_allo,unsat_tiling_20_101_58566.cnf
-32.229134,-14.843712,small_gwae2sat_auto,unsat_tiling_20_101_58566.cnf
-23.372618,-23.49968,big_gwae2sat_allo,unsat_tiling_20_101_58566.cnf
-23.464262,-23.449743,big_gwae2sat_auto,unsat_tiling_20_101_58566.cnf
-16.390482,23.29674,original,unsat_dominating_50_690_38469.cnf
6.451425,-27.670639,egnn2s,unsat_dominating_50_690_38469.cnf
-15.283788,23.649696,g2sat,unsat_dominating_50_690_38469.cnf
-1.8811615,-1.9713941,small_gwae2sat_allo,unsat_dominating_50_690_38469.cnf
-1.8790929,-2.3093655,small_gwae2sat_auto,unsat_dominating_50_690_38469.cnf
15.030922,-23.94505,big_gwae2sat_allo,unsat_dominating_50_690_38469.cnf
15.436873,-23.558065,big_gwae2sat_auto,unsat_dominating_50_690_38469.cnf
-2.2572637,18.906027,original,sat_php_220_876_45650.cnf
18.442116,-22.874052,egnn2s,sat_php_220_876_45650.cnf
-2.8208802,22.857075,g2sat,sat_php_220_876_45650.cnf
0.04291211,5.5295415,small_gwae2sat_allo,sat_php_220_876_45650.cnf
0.10070424,5.8824916,small_gwae2sat_auto,sat_php_220_876_45650.cnf
26.08362,-16.357513,big_gwae2sat_allo,sat_php_220_876_45650.cnf
26.243073,-15.968103,big_gwae2sat_auto,sat_php_220_876_45650.cnf
-22.16078,19.732481,original,unsat_php_97_451_21992.cnf
-3.1921198,-22.921625,egnn2s,unsat_php_97_451_21992.cnf
-21.526573,20.625359,g2sat,unsat_php_97_451_21992.cnf
-5.7928185,-8.338201,small_gwae2sat_allo,unsat_php_97_451_21992.cnf
-6.3097153,-8.568556,small_gwae2sat_auto,unsat_php_97_451_21992.cnf
7.3905654,-30.501518,big_gwae2sat_allo,unsat_php_97_451_21992.cnf
7.656674,-30.93739,big_gwae2sat_auto,unsat_php_97_451_21992.cnf
19.886621,27.043808,original,unsat_dominating_80_1810_71978.cnf
46.42698,5.612302,egnn2s,unsat_dominating_80_1810_71978.cnf
32.871662,42.09629,g2sat,unsat_dominating_80_1810_71978.cnf
10.021706,36.668118,small_gwae2sat_allo,unsat_dominating_80_1810_71978.cnf
8.601266,36.14585,small_gwae2sat_auto,unsat_dominating_80_1810_71978.cnf
23.852741,-2.1831315,big_gwae2sat_allo,unsat_dominating_80_1810_71978.cnf
26.674568,-1.7245619,big_gwae2sat_auto,unsat_dominating_80_1810_71978.cnf
20.328949,26.64597,original,unsat_dominating_80_1810_52694.cnf
45.949703,6.2689915,egnn2s,unsat_dominating_80_1810_52694.cnf
32.57578,40.39529,g2sat,unsat_dominating_80_1810_52694.cnf
2.5467927,33.375576,small_gwae2sat_allo,unsat_dominating_80_1810_52694.cnf
8.053426,35.978687,small_gwae2sat_auto,unsat_dominating_80_1810_52694.cnf
31.014385,-2.1557603,big_gwae2sat_allo,unsat_dominating_80_1810_52694.cnf
30.731174,-2.1159577,big_gwae2sat_auto,unsat_dominating_80_1810_52694.cnf
-2.4217825,21.82975,original,sat_php_226_932_62209.cnf
19.604033,-21.644993,egnn2s,sat_php_226_932_62209.cnf
-2.0677104,27.165766,g2sat,sat_php_226_932_62209.cnf
0.06090672,9.402261,small_gwae2sat_allo,sat_php_226_932_62209.cnf
-0.33170268,10.764068,small_gwae2sat_auto,sat_php_226_932_62209.cnf
28.995895,-14.235441,big_gwae2sat_allo,sat_php_226_932_62209.cnf
27.704887,-14.781801,big_gwae2sat_auto,sat_php_226_932_62209.cnf
20.902752,27.718433,original,unsat_dominating_80_1810_77484.cnf
45.236576,5.8575826,egnn2s,unsat_dominating_80_1810_77484.cnf
32.522434,40.716537,g2sat,unsat_dominating_80_1810_77484.cnf
11.118349,36.309753,small_gwae2sat_allo,unsat_dominating_80_1810_77484.cnf
8.947206,36.36994,small_gwae2sat_auto,unsat_dominating_80_1810_77484.cnf
31.07352,-2.1716876,big_gwae2sat_allo,unsat_dominating_80_1810_77484.cnf
27.086836,-2.0022783,big_gwae2sat_auto,unsat_dominating_80_1810_77484.cnf
-35.737995,10.31276,original,unsat_4color_40_190_72085.cnf
-18.886812,-13.459461,egnn2s,unsat_4color_40_190_72085.cnf
-35.46117,10.798277,g2sat,unsat_4color_40_190_72085.cnf
-30.10816,-15.680937,small_gwae2sat_allo,unsat_4color_40_190_72085.cnf
-28.073729,-15.94247,small_gwae2sat_auto,unsat_4color_40_190_72085.cnf
-18.388666,-27.682013,big_gwae2sat_allo,unsat_4color_40_190_72085.cnf
-18.50741,-27.531284,big_gwae2sat_auto,unsat_4color_40_190_72085.cnf
-1.9809831,26.201387,original,sat_php_234_995_88781.cnf
21.345182,-19.963737,egnn2s,sat_php_234_995_88781.cnf
-0.507372,30.427235,g2sat,sat_php_234_995_88781.cnf
-0.5737522,11.808819,small_gwae2sat_allo,sat_php_234_995_88781.cnf
-1.0140102,14.328046,small_gwae2sat_auto,sat_php_234_995_88781.cnf
25.824366,-14.963706,big_gwae2sat_allo,sat_php_234_995_88781.cnf
30.54972,-12.184432,big_gwae2sat_auto,sat_php_234_995_88781.cnf
20.25777,27.896643,original,unsat_dominating_80_1809_21835.cnf
45.156403,5.2713704,egnn2s,unsat_dominating_80_1809_21835.cnf
32.942017,39.96496,g2sat,unsat_dominating_80_1809_21835.cnf
2.840135,33.594727,small_gwae2sat_allo,unsat_dominating_80_1809_21835.cnf
0.16952568,31.285688,small_gwae2sat_auto,unsat_dominating_80_1809_21835.cnf
25.86815,-1.8773098,big_gwae2sat_allo,unsat_dominating_80_1809_21835.cnf
22.796234,-2.570641,big_gwae2sat_auto,unsat_dominating_80_1809_21835.cnf
-2.4374363,23.153671,original,sat_php_229_951_42801.cnf
20.119835,-21.123,egnn2s,sat_php_229_951_42801.cnf
-9.767572,26.090115,g2sat,sat_php_229_951_42801.cnf
-0.50432336,12.738183,small_gwae2sat_allo,sat_php_229_951_42801.cnf
-0.49191567,11.600281,small_gwae2sat_auto,sat_php_229_951_42801.cnf
30.711405,-12.702493,big_gwae2sat_allo,sat_php_229_951_42801.cnf
30.30149,-13.23621,big_gwae2sat_auto,sat_php_229_951_42801.cnf
-38.66439,4.512373,original,sat_op_28_119_84304.cnf
-25.702274,-13.801664,egnn2s,sat_op_28_119_84304.cnf
-38.443874,5.2567,g2sat,sat_op_28_119_84304.cnf
-29.538786,-17.114202,small_gwae2sat_allo,sat_op_28_119_84304.cnf
-29.135702,-17.487452,small_gwae2sat_auto,sat_op_28_119_84304.cnf
-19.238823,-27.133425,big_gwae2sat_allo,sat_op_28_119_84304.cnf
-19.291483,-27.097158,big_gwae2sat_auto,sat_op_28_119_84304.cnf
-14.2022295,23.862612,original,unsat_op_90_775_82061.cnf
17.003511,-25.055698,egnn2s,unsat_op_90_775_82061.cnf
-16.740276,23.118132,g2sat,unsat_op_90_775_82061.cnf
0.09653494,11.417587,small_gwae2sat_allo,unsat_op_90_775_82061.cnf
0.16656168,11.096128,small_gwae2sat_auto,unsat_op_90_775_82061.cnf
32.28628,-10.481829,big_gwae2sat_allo,unsat_op_90_775_82061.cnf
32.390602,-10.368482,big_gwae2sat_auto,unsat_op_90_775_82061.cnf
-36.981827,8.327906,original,unsat_cliquecoloring_36_176.cnf
-17.921263,-13.021993,egnn2s,unsat_cliquecoloring_36_176.cnf
-37.66263,7.2454724,g2sat,unsat_cliquecoloring_36_176.cnf
-27.18969,-16.380152,small_gwae2sat_allo,unsat_cliquecoloring_36_176.cnf
-28.193401,-16.641373,small_gwae2sat_auto,unsat_cliquecoloring_36_176.cnf
-17.91303,-28.058575,big_gwae2sat_allo,unsat_cliquecoloring_36_176.cnf
-17.821228,-28.119492,big_gwae2sat_auto,unsat_cliquecoloring_36_176.cnf
-2.4637,20.560005,original,sat_php_224_911_4195.cnf
19.240454,-22.00781,egnn2s,sat_php_224_911_4195.cnf
-2.45239,26.250467,g2sat,sat_php_224_911_4195.cnf
0.07369499,9.792944,small_gwae2sat_allo,sat_php_224_911_4195.cnf
0.03192212,10.218529,small_gwae2sat_auto,sat_php_224_911_4195.cnf
28.218952,-14.659343,big_gwae2sat_allo,sat_php_224_911_4195.cnf
27.196217,-15.623397,big_gwae2sat_auto,sat_php_224_911_4195.cnf
19.915733,27.88626,original,unsat_dominating_80_1810_53707.cnf
45.822105,4.742533,egnn2s,unsat_dominating_80_1810_53707.cnf
32.438786,40.80801,g2sat,unsat_dominating_80_1810_53707.cnf
1.861041,32.826065,small_gwae2sat_allo,unsat_dominating_80_1810_53707.cnf
3.1197472,33.795677,small_gwae2sat_auto,unsat_dominating_80_1810_53707.cnf
20.197748,-4.8154917,big_gwae2sat_allo,unsat_dominating_80_1810_53707.cnf
25.1718,-1.9604454,big_gwae2sat_auto,unsat_dominating_80_1810_53707.cnf
-39.89714,-0.93297315,original,sat_subsetcard_12_36_64659.cnf
-40.27459,-2.3550024,egnn2s,sat_subsetcard_12_36_64659.cnf
-39.909153,-0.8240142,g2sat,sat_subsetcard_12_36_64659.cnf
-39.603085,-3.9114034,small_gwae2sat_allo,sat_subsetcard_12_36_64659.cnf
-39.553066,-4.0812793,small_gwae2sat_auto,sat_subsetcard_12_36_64659.cnf
-32.738792,-15.959858,big_gwae2sat_allo,sat_subsetcard_12_36_64659.cnf
-32.81271,-15.9125,big_gwae2sat_auto,sat_subsetcard_12_36_64659.cnf
33.030468,37.13333,original,sat_subsetcard_80_2240_22665.cnf
43.17337,6.7694573,egnn2s,sat_subsetcard_80_2240_22665.cnf
33.208126,35.92111,g2sat,sat_subsetcard_80_2240_22665.cnf
15.218402,32.1996,small_gwae2sat_allo,sat_subsetcard_80_2240_22665.cnf
14.6550865,32.65644,small_gwae2sat_auto,sat_subsetcard_80_2240_22665.cnf
37.688065,-1.6010852,big_gwae2sat_allo,sat_subsetcard_80_2240_22665.cnf
37.74009,-1.5285633,big_gwae2sat_auto,sat_subsetcard_80_2240_22665.cnf
-18.90076,22.321394,original,unsat_op_90_775_64509.cnf
17.003513,-25.058538,egnn2s,unsat_op_90_775_64509.cnf
-1.3697515,15.484249,g2sat,unsat_op_90_775_64509.cnf
0.19197994,10.506448,small_gwae2sat_allo,unsat_op_90_775_64509.cnf
0.20875338,10.606101,small_gwae2sat_auto,unsat_op_90_775_64509.cnf
32.248596,-10.622006,big_gwae2sat_allo,unsat_op_90_775_64509.cnf
32.233624,-10.595443,big_gwae2sat_auto,unsat_op_90_775_64509.cnf
21.174698,27.275755,original,unsat_dominating_80_1810_49226.cnf
46.4389,5.7112565,egnn2s,unsat_dominating_80_1810_49226.cnf
32.590366,39.424953,g2sat,unsat_dominating_80_1810_49226.cnf
10.263654,36.61806,small_gwae2sat_allo,unsat_dominating_80_1810_49226.cnf
6.8240256,35.66152,small_gwae2sat_auto,unsat_dominating_80_1810_49226.cnf
22.395386,-2.4295273,big_gwae2sat_allo,unsat_dominating_80_1810_49226.cnf
29.254486,-1.9890693,big_gwae2sat_auto,unsat_dominating_80_1810_49226.cnf
-2.4851544,20.043188,original,sat_php_223_901_21286.cnf
18.976982,-22.279627,egnn2s,sat_php_223_901_21286.cnf
-2.6559575,24.91425,g2sat,sat_php_223_901_21286.cnf
-0.043490402,7.038299,small_gwae2sat_allo,sat_php_223_901_21286.cnf
0.08630616,9.388212,small_gwae2sat_auto,sat_php_223_901_21286.cnf
26.545351,-15.399998,big_gwae2sat_allo,sat_php_223_901_21286.cnf
25.817757,-15.991816,big_gwae2sat_auto,sat_php_223_901_21286.cnf
31.731775,39.98937,original,unsat_5clique_65_1955_42480.cnf
37.81027,-1.4287574,egnn2s,unsat_5clique_65_1955_42480.cnf
32.910835,37.596004,g2sat,unsat_5clique_65_1955_42480.cnf
-3.0514967,21.04372,small_gwae2sat_allo,unsat_5clique_65_1955_42480.cnf
-2.942043,19.884884,small_gwae2sat_auto,unsat_5clique_65_1955_42480.cnf
19.119389,-6.7349043,big_gwae2sat_allo,unsat_5clique_65_1955_42480.cnf
19.37272,-5.923426,big_gwae2sat_auto,unsat_5clique_65_1955_42480.cnf
-34.246033,12.302539,original,unsat_op_45_248_69595.cnf
-6.617757,-17.071945,egnn2s,unsat_op_45_248_69595.cnf
-33.405506,13.393744,g2sat,unsat_op_45_248_69595.cnf
-23.17318,-15.364382,small_gwae2sat_allo,unsat_op_45_248_69595.cnf
-23.702219,-15.382914,small_gwae2sat_auto,unsat_op_45_248_69595.cnf
-0.6632905,-33.81172,big_gwae2sat_allo,unsat_op_45_248_69595.cnf
-0.77489847,-33.455547,big_gwae2sat_auto,unsat_op_45_248_69595.cnf
-18.715387,22.651556,original,unsat_tseitin_30_568_54824.cnf
-0.6389798,-25.327156,egnn2s,unsat_tseitin_30_568_54824.cnf
-17.647316,22.716938,g2sat,unsat_tseitin_30_568_54824.cnf
-0.77778536,1.3662695,small_gwae2sat_allo,unsat_tseitin_30_568_54824.cnf
-0.76300687,1.4145951,small_gwae2sat_auto,unsat_tseitin_30_568_54824.cnf
37.033894,-2.1981823,big_gwae2sat_allo,unsat_tseitin_30_568_54824.cnf
36.904064,-2.2703052,big_gwae2sat_auto,unsat_tseitin_30_568_54824.cnf
-32.697468,14.647959,original,unsat_tseitin_40_292_99809.cnf
-5.733792,-18.704237,egnn2s,unsat_tseitin_40_292_99809.cnf
-29.513756,16.536503,g2sat,unsat_tseitin_40_292_99809.cnf
-8.959475,-12.26214,small_gwae2sat_allo,unsat_tseitin_40_292_99809.cnf
-9.0997715,-12.289349,small_gwae2sat_auto,unsat_tseitin_40_292_99809.cnf
13.91699,-24.85335,big_gwae2sat_allo,unsat_tseitin_40_292_99809.cnf
13.893878,-24.800922,big_gwae2sat_auto,unsat_tseitin_40_292_99809.cnf
-16.523258,23.1248,original,unsat_cliquecoloring_54_673.cnf
6.7382736,-27.525955,egnn2s,unsat_cliquecoloring_54_673.cnf
-16.81992,23.077923,g2sat,unsat_cliquecoloring_54_673.cnf
-0.5987081,2.601258,small_gwae2sat_allo,unsat_cliquecoloring_54_673.cnf
-0.49592027,2.9796188,small_gwae2sat_auto,unsat_cliquecoloring_54_673.cnf
23.342455,-17.297132,big_gwae2sat_allo,unsat_cliquecoloring_54_673.cnf
23.215122,-17.364042,big_gwae2sat_auto,unsat_cliquecoloring_54_673.cnf
-16.405745,23.286865,original,unsat_dominating_50_689_11317.cnf
6.4384713,-27.647001,egnn2s,unsat_dominating_50_689_11317.cnf
-15.491186,23.588112,g2sat,unsat_dominating_50_689_11317.cnf
-1.880826,-2.0081468,small_gwae2sat_allo,unsat_dominating_50_689_11317.cnf
-1.8794527,-1.4432564,small_gwae2sat_auto,unsat_dominating_50_689_11317.cnf
15.157918,-23.94794,big_gwae2sat_allo,unsat_dominating_50_689_11317.cnf
15.4221115,-23.613136,big_gwae2sat_auto,unsat_dominating_50_689_11317.cnf
-29.403307,17.26427,original,unsat_matching_80_365_47440.cnf
-4.6175337,-20.677593,egnn2s,unsat_matching_80_365_47440.cnf
-27.595499,19.195364,g2sat,unsat_matching_80_365_47440.cnf
-8.932234,-10.699589,small_gwae2sat_allo,unsat_matching_80_365_47440.cnf
-8.329505,-10.545389,small_gwae2sat_auto,unsat_matching_80_365_47440.cnf
2.578354,-32.730873,big_gwae2sat_allo,unsat_matching_80_365_47440.cnf
2.5560684,-32.620552,big_gwae2sat_auto,unsat_matching_80_365_47440.cnf
-39.351677,-1.1317106,original,sat_tiling_5_17_36057.cnf
-39.335117,-1.1358782,egnn2s,sat_tiling_5_17_36057.cnf
-39.188293,-1.1643759,g2sat,sat_tiling_5_17_36057.cnf
-39.517868,-1.9018103,small_gwae2sat_allo,sat_tiling_5_17_36057.cnf
-39.415836,-1.8743593,small_gwae2sat_auto,sat_tiling_5_17_36057.cnf
-39.754936,-2.5919967,big_gwae2sat_allo,sat_tiling_5_17_36057.cnf
-39.75012,-2.7578974,big_gwae2sat_auto,sat_tiling_5_17_36057.cnf
-30.69373,15.754372,original,unsat_matching_80_363_61838.cnf
-4.4792385,-20.897533,egnn2s,unsat_matching_80_363_61838.cnf
-27.612888,19.183887,g2sat,unsat_matching_80_363_61838.cnf
-8.547504,-10.725386,small_gwae2sat_allo,unsat_matching_80_363_61838.cnf
-8.377339,-10.883791,small_gwae2sat_auto,unsat_matching_80_363_61838.cnf
2.6364062,-32.653133,big_gwae2sat_allo,unsat_matching_80_363_61838.cnf
2.6666086,-32.63813,big_gwae2sat_auto,unsat_matching_80_363_61838.cnf
-24.511358,20.539757,original,unsat_tseitin_30_452_52851.cnf
-2.674152,-23.606901,egnn2s,unsat_tseitin_30_452_52851.cnf
-2.1685789,-1.6308805,g2sat,unsat_tseitin_30_452_52851.cnf
-2.6497295,-2.9291794,small_gwae2sat_allo,unsat_tseitin_30_452_52851.cnf
-2.6747365,-2.9918864,small_gwae2sat_auto,unsat_tseitin_30_452_52851.cnf
34.640423,-3.5754137,big_gwae2sat_allo,unsat_tseitin_30_452_52851.cnf
34.66867,-3.709761,big_gwae2sat_auto,unsat_tseitin_30_452_52851.cnf
-34.02005,14.077843,original,sat_3clique_24_255_7737.cnf
-10.336938,-12.905471,egnn2s,sat_3clique_24_255_7737.cnf
-33.888367,14.384498,g2sat,sat_3clique_24_255_7737.cnf
-24.225626,-15.060579,small_gwae2sat_allo,sat_3clique_24_255_7737.cnf
-28.727503,-15.795264,small_gwae2sat_auto,sat_3clique_24_255_7737.cnf
-9.344032,-33.598637,big_gwae2sat_allo,sat_3clique_24_255_7737.cnf
-9.55884,-33.44606,big_gwae2sat_auto,sat_3clique_24_255_7737.cnf
33.083534,35.011158,original,sat_subsetcard_60_2820_25143.cnf
42.833046,6.793439,egnn2s,sat_subsetcard_60_2820_25143.cnf
33.2395,35.71963,small_gwae2sat_allo,sat_subsetcard_60_2820_25143.cnf
33.271786,35.98974,small_gwae2sat_auto,sat_subsetcard_60_2820_25143.cnf
38.198616,-2.1084511,big_gwae2sat_allo,sat_subsetcard_60_2820_25143.cnf
38.202385,-2.1097813,big_gwae2sat_auto,sat_subsetcard_60_2820_25143.cnf
-24.227253,20.287642,original,unsat_dominating_40_455_28307.cnf
-3.5217812,-22.389229,egnn2s,unsat_dominating_40_455_28307.cnf
-23.670479,20.987679,g2sat,unsat_dominating_40_455_28307.cnf
-6.3452272,-8.67246,small_gwae2sat_allo,unsat_dominating_40_455_28307.cnf
-6.2477784,-8.365865,small_gwae2sat_auto,unsat_dominating_40_455_28307.cnf
7.330239,-31.256447,big_gwae2sat_allo,unsat_dominating_40_455_28307.cnf
6.870657,-30.69693,big_gwae2sat_auto,unsat_dominating_40_455_28307.cnf
20.66667,27.799675,original,unsat_dominating_80_1809_635.cnf
45.17896,5.1142273,egnn2s,unsat_dominating_80_1809_635.cnf
33.17251,41.188423,g2sat,unsat_dominating_80_1809_635.cnf
6.279425,35.0834,small_gwae2sat_allo,unsat_dominating_80_1809_635.cnf
2.912428,33.667866,small_gwae2sat_auto,unsat_dominating_80_1809_635.cnf
25.816956,-1.9786111,big_gwae2sat_allo,unsat_dominating_80_1809_635.cnf
21.888912,-3.0212297,big_gwae2sat_auto,unsat_dominating_80_1809_635.cnf
-24.020386,20.42194,original,unsat_dominating_40_455_87187.cnf
-3.4664419,-22.474026,egnn2s,unsat_dominating_40_455_87187.cnf
-23.692629,20.944096,g2sat,unsat_dominating_40_455_87187.cnf
-6.278141,-8.769108,small_gwae2sat_allo,unsat_dominating_40_455_87187.cnf
-7.649091,-9.716025,small_gwae2sat_auto,unsat_dominating_40_455_87187.cnf
6.936432,-30.630068,big_gwae2sat_allo,unsat_dominating_40_455_87187.cnf
7.13478,-31.18024,big_gwae2sat_auto,unsat_dominating_40_455_87187.cnf
-33.360004,13.147456,original,sat_op_45_249_90577.cnf
-6.6034284,-17.0972,egnn2s,sat_op_45_249_90577.cnf
-32.55062,14.290748,g2sat,sat_op_45_249_90577.cnf
-22.0439,-15.231111,small_gwae2sat_allo,sat_op_45_249_90577.cnf
-22.094955,-15.094827,small_gwae2sat_auto,sat_op_45_249_90577.cnf
0.06136012,-33.70094,big_gwae2sat_allo,sat_op_45_249_90577.cnf
-0.007991806,-33.737514,big_gwae2sat_auto,sat_op_45_249_90577.cnf
-25.41425,19.542591,original,sat_tseitin_30_424_85097.cnf
-3.1829755,-22.948738,egnn2s,sat_tseitin_30_424_85097.cnf
-22.765652,20.37516,g2sat,sat_tseitin_30_424_85097.cnf
-2.9417098,-3.7185655,small_gwae2sat_allo,sat_tseitin_30_424_85097.cnf
-2.9925356,-3.8138545,small_gwae2sat_auto,sat_tseitin_30_424_85097.cnf
32.378674,-10.076716,big_gwae2sat_allo,sat_tseitin_30_424_85097.cnf
32.32972,-10.123789,big_gwae2sat_auto,sat_tseitin_30_424_85097.cnf
-1.5254675,15.759116,original,sat_php_188_804_77056.cnf
16.787632,-25.378225,egnn2s,sat_php_188_804_77056.cnf
-2.1173332,18.162832,g2sat,sat_php_188_804_77056.cnf
-0.49309582,2.1929832,small_gwae2sat_allo,sat_php_188_804_77056.cnf
-0.13702258,3.7397292,small_gwae2sat_auto,sat_php_188_804_77056.cnf
22.997322,-17.386677,big_gwae2sat_allo,sat_php_188_804_77056.cnf
22.625172,-17.513603,big_gwae2sat_auto,sat_php_188_804_77056.cnf
12.05811,36.253075,original,sat_5color_250_1300_43143.cnf
36.981762,-2.276709,egnn2s,sat_5color_250_1300_43143.cnf
14.393289,32.998043,g2sat,sat_5color_250_1300_43143.cnf
-2.132516,23.723782,small_gwae2sat_allo,sat_5color_250_1300_43143.cnf
-1.9916421,22.420334,small_gwae2sat_auto,sat_5color_250_1300_43143.cnf
20.692593,-14.148756,big_gwae2sat_allo,sat_5color_250_1300_43143.cnf
28.665108,-5.832558,big_gwae2sat_auto,sat_5color_250_1300_43143.cnf
20.328665,26.645885,original,unsat_dominating_80_1810_64806.cnf
46.163754,6.165276,egnn2s,unsat_dominating_80_1810_64806.cnf
33.01504,41.899166,g2sat,unsat_dominating_80_1810_64806.cnf
6.909235,35.6321,small_gwae2sat_allo,unsat_dominating_80_1810_64806.cnf
6.1908665,35.578724,small_gwae2sat_auto,unsat_dominating_80_1810_64806.cnf
27.222008,-1.5610111,big_gwae2sat_allo,unsat_dominating_80_1810_64806.cnf
28.475967,-1.9117938,big_gwae2sat_auto,unsat_dominating_80_1810_64806.cnf
20.257666,27.896711,original,unsat_dominating_80_1809_18472.cnf
45.869965,4.7624607,egnn2s,unsat_dominating_80_1809_18472.cnf
33.091515,41.333878,g2sat,unsat_dominating_80_1809_18472.cnf
10.465458,36.594955,small_gwae2sat_allo,unsat_dominating_80_1809_18472.cnf
3.6858032,34.160465,small_gwae2sat_auto,unsat_dominating_80_1809_18472.cnf
29.34667,-1.9683319,big_gwae2sat_allo,unsat_dominating_80_1809_18472.cnf
25.591455,-1.6516656,big_gwae2sat_auto,unsat_dominating_80_1809_18472.cnf
-38.271416,5.131872,original,unsat_subsetcard_31_129_84276.cnf
-23.250992,-13.621535,egnn2s,unsat_subsetcard_31_129_84276.cnf
-38.115124,5.936286,g2sat,unsat_subsetcard_31_129_84276.cnf
-28.498415,-17.606491,small_gwae2sat_allo,unsat_subsetcard_31_129_84276.cnf
-28.596159,-17.511011,small_gwae2sat_auto,unsat_subsetcard_31_129_84276.cnf
-18.4811,-27.680908,big_gwae2sat_allo,unsat_subsetcard_31_129_84276.cnf
-18.518843,-27.678276,big_gwae2sat_auto,unsat_subsetcard_31_129_84276.cnf
-10.907367,25.338804,original,sat_dominating_60_970_53707.cnf
17.697023,-24.004854,egnn2s,sat_dominating_60_970_53707.cnf
-1.2247947,29.392002,g2sat,sat_dominating_60_970_53707.cnf
0.14328794,5.7537813,small_gwae2sat_allo,sat_dominating_60_970_53707.cnf
0.31451905,7.7389326,small_gwae2sat_auto,sat_dominating_60_970_53707.cnf
27.323357,-15.422842,big_gwae2sat_allo,sat_dominating_60_970_53707.cnf
25.228878,-16.406788,big_gwae2sat_auto,sat_dominating_60_970_53707.cnf
-28.036407,17.488457,original,sat_4clique_32_356_68014.cnf
-5.850131,-18.461197,egnn2s,sat_4clique_32_356_68014.cnf
-27.63459,17.751207,g2sat,sat_4clique_32_356_68014.cnf
-25.897596,-14.207228,small_gwae2sat_allo,sat_4clique_32_356_68014.cnf
-21.583355,-13.352739,small_gwae2sat_auto,sat_4clique_32_356_68014.cnf
-0.47260663,-33.284267,big_gwae2sat_allo,sat_4clique_32_356_68014.cnf
-0.2300786,-33.81393,big_gwae2sat_auto,sat_4clique_32_356_68014.cnf
-2.4463816,22.175922,original,sat_php_227_937_64655.cnf
19.746645,-21.499582,egnn2s,sat_php_227_937_64655.cnf
-1.8875886,27.492214,g2sat,sat_php_227_937_64655.cnf
-0.11388334,12.005575,small_gwae2sat_allo,sat_php_227_937_64655.cnf
-0.08698063,11.647078,small_gwae2sat_auto,sat_php_227_937_64655.cnf
28.286781,-14.509931,big_gwae2sat_allo,sat_php_227_937_64655.cnf
27.829273,-14.942007,big_gwae2sat_auto,sat_php_227_937_64655.cnf
20.600344,27.197313,original,unsat_dominating_80_1810_71068.cnf
45.83256,5.7627,egnn2s,unsat_dominating_80_1810_71068.cnf
32.610268,40.17359,g2sat,unsat_dominating_80_1810_71068.cnf
6.7181997,35.347992,small_gwae2sat_allo,unsat_dominating_80_1810_71068.cnf
9.35508,36.56859,small_gwae2sat_auto,unsat_dominating_80_1810_71068.cnf
20.864227,-3.925556,big_gwae2sat_allo,unsat_dominating_80_1810_71068.cnf
29.225037,-2.0815632,big_gwae2sat_auto,unsat_dominating_80_1810_71068.cnf
-30.58806,15.854088,original,sat_cliquecoloring_69_305.cnf
-5.637625,-18.86538,egnn2s,sat_cliquecoloring_69_305.cnf
-30.553944,15.887644,g2sat,sat_cliquecoloring_69_305.cnf
-19.88419,-13.945235,small_gwae2sat_allo,sat_cliquecoloring_69_305.cnf
-18.529764,-13.7662,small_gwae2sat_auto,sat_cliquecoloring_69_305.cnf
0.5055633,-33.60425,big_gwae2sat_allo,sat_cliquecoloring_69_305.cnf
0.34016004,-33.65695,big_gwae2sat_auto,sat_cliquecoloring_69_305.cnf
-31.511335,15.364805,original,unsat_tseitin_40_296_55226.cnf
-5.639012,-18.891165,egnn2s,unsat_tseitin_40_296_55226.cnf
-29.311201,16.663458,g2sat,unsat_tseitin_40_296_55226.cnf
-8.409472,-12.089368,small_gwae2sat_allo,unsat_tseitin_40_296_55226.cnf
-8.891405,-12.24233,small_gwae2sat_auto,unsat_tseitin_40_296_55226.cnf
14.449242,-24.30697,big_gwae2sat_allo,unsat_tseitin_40_296_55226.cnf
14.4729,-24.357151,big_gwae2sat_auto,unsat_tseitin_40_296_55226.cnf
20.697453,26.761133,original,unsat_dominating_80_1810_63476.cnf
45.726246,5.26968,egnn2s,unsat_dominating_80_1810_63476.cnf
32.386024,41.18665,g2sat,unsat_dominating_80_1810_63476.cnf
7.6218085,35.867657,small_gwae2sat_allo,unsat_dominating_80_1810_63476.cnf
11.986389,36.177227,small_gwae2sat_auto,unsat_dominating_80_1810_63476.cnf
22.475122,-2.7307866,big_gwae2sat_allo,unsat_dominating_80_1810_63476.cnf
27.42454,-1.9183162,big_gwae2sat_auto,unsat_dominating_80_1810_63476.cnf
-24.227257,20.287636,original,unsat_dominating_40_455_67184.cnf
-3.5254297,-22.39596,egnn2s,unsat_dominating_40_455_67184.cnf
-23.512312,21.17779,g2sat,unsat_dominating_40_455_67184.cnf
-5.7724533,-8.26902,small_gwae2sat_allo,unsat_dominating_40_455_67184.cnf
-5.832684,-8.375707,small_gwae2sat_auto,unsat_dominating_40_455_67184.cnf
7.105337,-31.37235,big_gwae2sat_allo,unsat_dominating_40_455_67184.cnf
6.874158,-30.618923,big_gwae2sat_auto,unsat_dominating_40_455_67184.cnf
20.13354,27.477758,original,unsat_dominating_80_1810_67184.cnf
45.712505,6.251288,egnn2s,unsat_dominating_80_1810_67184.cnf
32.66166,39.846146,g2sat,unsat_dominating_80_1810_67184.cnf
5.627016,35.30283,small_gwae2sat_allo,unsat_dominating_80_1810_67184.cnf
2.316359,33.196354,small_gwae2sat_auto,unsat_dominating_80_1810_67184.cnf
30.544106,-2.0722296,big_gwae2sat_allo,unsat_dominating_80_1810_67184.cnf
27.949644,-1.8271,big_gwae2sat_auto,unsat_dominating_80_1810_67184.cnf
